Cohort Month,Months Since First,Retention
2023-01,0,1.0
2023-02,0,1.0
2023-03,0,1.0
2023-04,0,1.0
2023-05,0,1.0
2023-06,0,1.0
2023-07,0,1.0
2023-08,0,1.0
2023-09,0,1.0
2023-10,0,1.0
2023-11,0,1.0
2023-12,0,1.0
2024-01,0,1.0
2024-02,0,1.0
2024-03,0,1.0
2024-04,0,1.0
2024-05,0,1.0
2024-06,0,1.0
2024-07,0,1.0
2024-08,0,1.0
2024-09,0,1.0
2024-10,0,1.0
2024-11,0,1.0
2024-12,0,1.0
2023-01,1,0.178
2023-02,1,0.212
2023-03,1,0.125
2023-04,1,0.167
2023-05,1,0.127
2023-06,1,0.096
2023-07,1,0.145
2023-08,1,0.08
2023-09,1,0.195
2023-10,1,0.144
2023-11,1,0.155
2023-12,1,0.09
2024-01,1,0.029
2024-02,1,0.065
2024-03,1,0.11
2024-04,1,0.098
2024-05,1,0.042
2024-06,1,0.028
2024-07,1,0.1
2024-08,1,0.018
2024-09,1,0.0
2024-10,1,0.023
2024-11,1,0.095
2024-12,1,
2023-01,2,0.239
2023-02,2,0.171
2023-03,2,0.219
2023-04,2,0.107
2023-05,2,0.103
2023-06,2,0.088
2023-07,2,0.089
2023-08,2,0.175
2023-09,2,0.134
2023-10,2,0.082
2023-11,2,0.182
2023-12,2,0.038
2024-01,2,0.087
2024-02,2,0.087
2024-03,2,0.049
2024-04,2,0.024
2024-05,2,0.014
2024-06,2,0.139
2024-07,2,0.0
2024-08,2,0.143
2024-09,2,0.0
2024-10,2,0.07
2024-11,2,
2024-12,2,
2023-01,3,0.206
2023-02,3,0.225
2023-03,3,0.149
2023-04,3,0.107
2023-05,3,0.157
2023-06,3,0.064
2023-07,3,0.161
2023-08,3,0.102
2023-09,3,0.195
2023-10,3,0.155
2023-11,3,0.082
2023-12,3,0.038
2024-01,3,0.029
2024-02,3,0.043
2024-03,3,0.037
2024-04,3,0.049
2024-05,3,0.085
2024-06,3,0.056
2024-07,3,0.1
2024-08,3,0.107
2024-09,3,0.08
2024-10,3,
2024-11,3,
2024-12,3,
2023-01,4,0.206
2023-02,4,0.18
2023-03,4,0.128
2023-04,4,0.067
2023-05,4,0.113
2023-06,4,0.152
2023-07,4,0.177
2023-08,4,0.146
2023-09,4,0.098
2023-10,4,0.165
2023-11,4,0.109
2023-12,4,0.038
2024-01,4,0.116
2024-02,4,0.0
2024-03,4,0.024
2024-04,4,0.024
2024-05,4,0.042
2024-06,4,0.056
2024-07,4,0.167
2024-08,4,0.071
2024-09,4,
2024-10,4,
2024-11,4,
2024-12,4,
2023-01,5,0.185
2023-02,5,0.126
2023-03,5,0.198
2023-04,5,0.113
2023-05,5,0.137
2023-06,5,0.16
2023-07,5,0.137
2023-08,5,0.117
2023-09,5,0.098
2023-10,5,0.113
2023-11,5,0.091
2023-12,5,0.103
2024-01,5,0.101
2024-02,5,0.022
2024-03,5,0.073
2024-04,5,0.049
2024-05,5,0.099
2024-06,5,0.111
2024-07,5,0.067
2024-08,5,
2024-09,5,
2024-10,5,
2024-11,5,
2024-12,5,
2023-01,6,0.188
2023-02,6,0.185
2023-03,6,0.16
2023-04,6,0.187
2023-05,6,0.132
2023-06,6,0.144
2023-07,6,0.113
2023-08,6,0.066
2023-09,6,0.134
2023-10,6,0.041
2023-11,6,0.136
2023-12,6,0.077
2024-01,6,0.087
2024-02,6,0.174
2024-03,6,0.061
2024-04,6,0.049
2024-05,6,0.113
2024-06,6,0.083
2024-07,6,
2024-08,6,
2024-09,6,
2024-10,6,
2024-11,6,
2024-12,6,
2023-01,7,0.231
2023-02,7,0.18
2023-03,7,0.174
2023-04,7,0.2
2023-05,7,0.172
2023-06,7,0.136
2023-07,7,0.105
2023-08,7,0.124
2023-09,7,0.098
2023-10,7,0.103
2023-11,7,0.055
2023-12,7,0.077
2024-01,7,0.058
2024-02,7,0.043
2024-03,7,0.085
2024-04,7,0.0
2024-05,7,0.07
2024-06,7,
2024-07,7,
2024-08,7,
2024-09,7,
2024-10,7,
2024-11,7,
2024-12,7,
2023-01,8,0.16
2023-02,8,0.216
2023-03,8,0.174
2023-04,8,0.153
2023-05,8,0.142
2023-06,8,0.104
2023-07,8,0.145
2023-08,8,0.117
2023-09,8,0.098
2023-10,8,0.103
2023-11,8,0.073
2023-12,8,0.128
2024-01,8,0.043
2024-02,8,0.109
2024-03,8,0.085
2024-04,8,0.122
2024-05,8,
2024-06,8,
2024-07,8,
2024-08,8,
2024-09,8,
2024-10,8,
2024-11,8,
2024-12,8,
2023-01,9,0.261
2023-02,9,0.176
2023-03,9,0.188
2023-04,9,0.16
2023-05,9,0.123
2023-06,9,0.12
2023-07,9,0.121
2023-08,9,0.117
2023-09,9,0.049
2023-10,9,0.113
2023-11,9,0.118
2023-12,9,0.064
2024-01,9,0.145
2024-02,9,0.109
2024-03,9,0.098
2024-04,9,
2024-05,9,
2024-06,9,
2024-07,9,
2024-08,9,
2024-09,9,
2024-10,9,
2024-11,9,
2024-12,9,
2023-01,10,0.198
2023-02,10,0.185
2023-03,10,0.188
2023-04,10,0.133
2023-05,10,0.137
2023-06,10,0.128
2023-07,10,0.145
2023-08,10,0.095
2023-09,10,0.073
2023-10,10,0.155
2023-11,10,0.064
2023-12,10,0.128
2024-01,10,0.116
2024-02,10,0.065
2024-03,10,
2024-04,10,
2024-05,10,
2024-06,10,
2024-07,10,
2024-08,10,
2024-09,10,
2024-10,10,
2024-11,10,
2024-12,10,
2023-01,11,0.223
2023-02,11,0.194
2023-03,11,0.142
2023-04,11,0.167
2023-05,11,0.118
2023-06,11,0.136
2023-07,11,0.105
2023-08,11,0.117
2023-09,11,0.11
2023-10,11,0.052
2023-11,11,0.155
2023-12,11,0.038
2024-01,11,0.087
2024-02,11,
2024-03,11,
2024-04,11,
2024-05,11,
2024-06,11,
2024-07,11,
2024-08,11,
2024-09,11,
2024-10,11,
2024-11,11,
2024-12,11,
2023-01,12,0.231
2023-02,12,0.108
2023-03,12,0.146
2023-04,12,0.133
2023-05,12,0.157
2023-06,12,0.112
2023-07,12,0.073
2023-08,12,0.175
2023-09,12,0.085
2023-10,12,0.113
2023-11,12,0.118
2023-12,12,0.128
2024-01,12,
2024-02,12,
2024-03,12,
2024-04,12,
2024-05,12,
2024-06,12,
2024-07,12,
2024-08,12,
2024-09,12,
2024-10,12,
2024-11,12,
2024-12,12,
2023-01,13,0.147
2023-02,13,0.167
2023-03,13,0.118
2023-04,13,0.213
2023-05,13,0.098
2023-06,13,0.12
2023-07,13,0.121
2023-08,13,0.131
2023-09,13,0.134
2023-10,13,0.134
2023-11,13,0.073
2023-12,13,
2024-01,13,
2024-02,13,
2024-03,13,
2024-04,13,
2024-05,13,
2024-06,13,
2024-07,13,
2024-08,13,
2024-09,13,
2024-10,13,
2024-11,13,
2024-12,13,
2023-01,14,0.208
2023-02,14,0.162
2023-03,14,0.153
2023-04,14,0.113
2023-05,14,0.123
2023-06,14,0.104
2023-07,14,0.113
2023-08,14,0.117
2023-09,14,0.122
2023-10,14,0.082
2023-11,14,
2023-12,14,
2024-01,14,
2024-02,14,
2024-03,14,
2024-04,14,
2024-05,14,
2024-06,14,
2024-07,14,
2024-08,14,
2024-09,14,
2024-10,14,
2024-11,14,
2024-12,14,
2023-01,15,0.157
2023-02,15,0.243
2023-03,15,0.115
2023-04,15,0.127
2023-05,15,0.147
2023-06,15,0.08
2023-07,15,0.161
2023-08,15,0.146
2023-09,15,0.134
2023-10,15,
2023-11,15,
2023-12,15,
2024-01,15,
2024-02,15,
2024-03,15,
2024-04,15,
2024-05,15,
2024-06,15,
2024-07,15,
2024-08,15,
2024-09,15,
2024-10,15,
2024-11,15,
2024-12,15,
2023-01,16,0.223
2023-02,16,0.18
2023-03,16,0.125
2023-04,16,0.187
2023-05,16,0.123
2023-06,16,0.176
2023-07,16,0.153
2023-08,16,0.088
2023-09,16,
2023-10,16,
2023-11,16,
2023-12,16,
2024-01,16,
2024-02,16,
2024-03,16,
2024-04,16,
2024-05,16,
2024-06,16,
2024-07,16,
2024-08,16,
2024-09,16,
2024-10,16,
2024-11,16,
2024-12,16,
2023-01,17,0.168
2023-02,17,0.131
2023-03,17,0.163
2023-04,17,0.187
2023-05,17,0.142
2023-06,17,0.104
2023-07,17,0.121
2023-08,17,
2023-09,17,
2023-10,17,
2023-11,17,
2023-12,17,
2024-01,17,
2024-02,17,
2024-03,17,
2024-04,17,
2024-05,17,
2024-06,17,
2024-07,17,
2024-08,17,
2024-09,17,
2024-10,17,
2024-11,17,
2024-12,17,
2023-01,18,0.142
2023-02,18,0.212
2023-03,18,0.135
2023-04,18,0.16
2023-05,18,0.108
2023-06,18,0.064
2023-07,18,
2023-08,18,
2023-09,18,
2023-10,18,
2023-11,18,
2023-12,18,
2024-01,18,
2024-02,18,
2024-03,18,
2024-04,18,
2024-05,18,
2024-06,18,
2024-07,18,
2024-08,18,
2024-09,18,
2024-10,18,
2024-11,18,
2024-12,18,
2023-01,19,0.221
2023-02,19,0.149
2023-03,19,0.17
2023-04,19,0.133
2023-05,19,0.176
2023-06,19,
2023-07,19,
2023-08,19,
2023-09,19,
2023-10,19,
2023-11,19,
2023-12,19,
2024-01,19,
2024-02,19,
2024-03,19,
2024-04,19,
2024-05,19,
2024-06,19,
2024-07,19,
2024-08,19,
2024-09,19,
2024-10,19,
2024-11,19,
2024-12,19,
2023-01,20,0.162
2023-02,20,0.225
2023-03,20,0.16
2023-04,20,0.193
2023-05,20,
2023-06,20,
2023-07,20,
2023-08,20,
2023-09,20,
2023-10,20,
2023-11,20,
2023-12,20,
2024-01,20,
2024-02,20,
2024-03,20,
2024-04,20,
2024-05,20,
2024-06,20,
2024-07,20,
2024-08,20,
2024-09,20,
2024-10,20,
2024-11,20,
2024-12,20,
2023-01,21,0.272
2023-02,21,0.198
2023-03,21,0.205
2023-04,21,
2023-05,21,
2023-06,21,
2023-07,21,
2023-08,21,
2023-09,21,
2023-10,21,
2023-11,21,
2023-12,21,
2024-01,21,
2024-02,21,
2024-03,21,
2024-04,21,
2024-05,21,
2024-06,21,
2024-07,21,
2024-08,21,
2024-09,21,
2024-10,21,
2024-11,21,
2024-12,21,
2023-01,22,0.18
2023-02,22,0.198
2023-03,22,
2023-04,22,
2023-05,22,
2023-06,22,
2023-07,22,
2023-08,22,
2023-09,22,
2023-10,22,
2023-11,22,
2023-12,22,
2024-01,22,
2024-02,22,
2024-03,22,
2024-04,22,
2024-05,22,
2024-06,22,
2024-07,22,
2024-08,22,
2024-09,22,
2024-10,22,
2024-11,22,
2024-12,22,
2023-01,23,0.203
2023-02,23,
2023-03,23,
2023-04,23,
2023-05,23,
2023-06,23,
2023-07,23,
2023-08,23,
2023-09,23,
2023-10,23,
2023-11,23,
2023-12,23,
2024-01,23,
2024-02,23,
2024-03,23,
2024-04,23,
2024-05,23,
2024-06,23,
2024-07,23,
2024-08,23,
2024-09,23,
2024-10,23,
2024-11,23,
2024-12,23,
