Customer ID,Recency,Frequency,Monetary,R,F,M,Segment
CUST100000,324,1,1627,2,1,2,Lost
CUST100001,64,21,62427,4,5,5,Champions
CUST100002,435,1,1630,1,1,2,Lost
CUST100003,88,4,4261,4,4,3,Champions
CUST100005,145,3,2998,3,3,2,Needs Attention
CUST100006,218,1,970,2,1,1,Lost
CUST100007,101,5,12681,4,4,5,Champions
CUST100008,323,1,624,2,1,1,Lost
CUST100010,11,5,16436,5,4,5,Champions
CUST100011,510,2,4094,1,2,3,Lost
CUST100012,185,9,36742,3,5,5,Loyal
CUST100013,6,9,10333,5,5,4,Champions
CUST100014,407,1,790,1,1,1,Lost
CUST100015,62,10,15389,4,5,5,Champions
CUST100016,438,3,7492,1,3,4,At Risk
CUST100017,113,4,9520,3,4,4,Loyal
CUST100018,333,2,1912,2,2,2,Lost
CUST100019,46,3,5954,5,3,3,Needs Attention
CUST100021,637,1,451,1,1,1,Lost
CUST100022,304,1,2471,2,1,2,Lost
CUST100023,13,11,14248,5,5,5,Champions
CUST100024,104,8,13747,3,5,5,Loyal
CUST100025,55,7,12851,4,5,5,Champions
CUST100026,159,2,1697,3,2,2,Needs Attention
CUST100028,479,1,2160,1,1,2,Lost
CUST100029,58,15,29073,4,5,5,Champions
CUST100030,186,1,890,3,1,1,Needs Attention
CUST100032,65,6,4616,4,4,3,Champions
CUST100033,5,4,9510,5,4,4,Champions
CUST100034,12,10,30840,5,5,5,Champions
CUST100035,207,9,16928,3,5,5,Loyal
CUST100036,41,7,16280,5,5,5,Champions
CUST100037,657,1,3392,1,1,3,Lost
CUST100039,207,4,3248,3,4,3,Loyal
CUST100040,105,4,5993,3,4,4,Loyal
CUST100041,705,1,1487,1,1,1,Lost
CUST100042,502,1,697,1,1,1,Lost
CUST100043,238,1,172,2,1,1,Lost
CUST100044,127,3,3390,3,3,3,Needs Attention
CUST100045,173,9,22431,3,5,5,Loyal
CUST100046,143,10,22288,3,5,5,Loyal
CUST100047,8,2,4182,5,2,3,New / Recent
CUST100049,480,1,430,1,1,1,Lost
CUST100050,340,3,5727,2,3,3,At Risk
CUST100051,77,8,18821,4,5,5,Champions
CUST100054,22,4,20309,5,4,5,Champions
CUST100055,122,5,13027,3,4,5,Loyal
CUST100056,20,9,12820,5,5,5,Champions
CUST100057,14,17,24605,5,5,5,Champions
CUST100058,715,1,537,1,1,1,Lost
CUST100059,82,6,6326,4,4,4,Champions
CUST100060,179,2,3986,3,2,3,Needs Attention
CUST100061,60,2,2712,4,2,2,New / Recent
CUST100062,11,2,3698,5,2,3,New / Recent
CUST100063,288,2,1858,2,2,2,Lost
CUST100064,31,1,3967,5,1,3,New / Recent
CUST100067,160,3,3245,3,3,3,Needs Attention
CUST100069,231,1,173,2,1,1,Lost
CUST100070,201,1,766,3,1,1,Needs Attention
CUST100071,61,12,26015,4,5,5,Champions
CUST100072,64,2,1034,4,2,1,New / Recent
CUST100073,230,3,4815,2,3,3,At Risk
CUST100074,216,11,20288,2,5,5,Loyal
CUST100075,500,2,5372,1,2,3,Lost
CUST100077,417,1,1434,1,1,1,Lost
CUST100078,24,9,11367,5,5,5,Champions
CUST100079,220,4,3589,2,4,3,Loyal
CUST100080,345,4,9762,2,4,4,Loyal
CUST100081,53,2,5632,4,2,3,New / Recent
CUST100082,708,1,468,1,1,1,Lost
CUST100083,40,20,22258,5,5,5,Champions
CUST100084,10,5,3254,5,4,3,Champions
CUST100085,261,1,2453,2,1,2,Lost
CUST100086,40,12,48661,5,5,5,Champions
CUST100087,597,1,3354,1,1,3,Lost
CUST100088,101,5,8242,4,4,4,Champions
CUST100089,49,7,6883,4,5,4,Champions
CUST100091,222,2,5808,2,2,3,Lost
CUST100092,379,3,11881,1,3,5,At Risk
CUST100093,6,25,50476,5,5,5,Champions
CUST100094,142,1,508,3,1,1,Needs Attention
CUST100095,147,6,27524,3,4,5,Loyal
CUST100096,90,2,1503,4,2,1,New / Recent
CUST100097,597,2,6515,1,2,4,Lost
CUST100098,678,1,6498,1,1,4,Lost
CUST100099,188,5,5679,3,4,3,Loyal
CUST100100,3,1,284,5,1,1,New / Recent
CUST100101,169,4,9705,3,4,4,Loyal
CUST100102,163,2,1023,3,2,1,Needs Attention
CUST100103,139,5,6115,3,4,4,Loyal
CUST100104,342,1,272,2,1,1,Lost
CUST100105,48,3,5702,4,3,3,Needs Attention
CUST100107,261,3,2634,2,3,2,At Risk
CUST100108,32,7,9076,5,5,4,Champions
CUST100109,85,5,7150,4,4,4,Champions
CUST100111,91,5,9359,4,4,4,Champions
CUST100112,228,1,855,2,1,1,Lost
CUST100113,176,4,7661,3,4,4,Loyal
CUST100114,390,7,16196,1,5,5,Loyal
CUST100115,9,12,24287,5,5,5,Champions
CUST100116,681,1,1588,1,1,2,Lost
CUST100117,14,5,5460,5,4,3,Champions
CUST100118,179,3,8893,3,3,4,Needs Attention
CUST100119,89,4,4759,4,4,3,Champions
CUST100122,6,17,28774,5,5,5,Champions
CUST100123,227,1,3238,2,1,3,Lost
CUST100125,367,1,3029,2,1,2,Lost
CUST100128,86,13,14127,4,5,5,Champions
CUST100129,15,5,13239,5,4,5,Champions
CUST100130,49,5,11962,4,4,5,Champions
CUST100131,98,2,2017,4,2,2,New / Recent
CUST100133,206,6,10808,3,4,4,Loyal
CUST100134,2,4,5407,5,4,3,Champions
CUST100136,6,19,22695,5,5,5,Champions
CUST100137,234,3,2968,2,3,2,At Risk
CUST100138,22,4,7756,5,4,4,Champions
CUST100139,8,5,9658,5,4,4,Champions
CUST100140,346,2,1590,2,2,2,Lost
CUST100141,16,5,7049,5,4,4,Champions
CUST100142,339,1,2294,2,1,2,Lost
CUST100144,419,1,595,1,1,1,Lost
CUST100145,31,6,10409,5,4,4,Champions
CUST100148,81,2,915,4,2,1,New / Recent
CUST100150,199,1,922,3,1,1,Needs Attention
CUST100151,71,2,1805,4,2,2,New / Recent
CUST100152,9,5,7602,5,4,4,Champions
CUST100154,233,3,4717,2,3,3,At Risk
CUST100155,118,1,1180,3,1,1,Needs Attention
CUST100157,210,10,22795,2,5,5,Loyal
CUST100158,7,13,33579,5,5,5,Champions
CUST100159,136,5,23098,3,4,5,Loyal
CUST100160,139,4,1788,3,4,2,Loyal
CUST100161,451,1,2930,1,1,2,Lost
CUST100162,251,3,3851,2,3,3,At Risk
CUST100163,91,4,4361,4,4,3,Champions
CUST100164,510,1,1408,1,1,1,Lost
CUST100165,122,5,10842,3,4,4,Loyal
CUST100166,138,3,3118,3,3,2,Needs Attention
CUST100167,60,1,1665,4,1,2,New / Recent
CUST100168,429,2,1642,1,2,2,Lost
CUST100169,58,9,14574,4,5,5,Champions
CUST100170,243,7,8032,2,5,4,Loyal
CUST100172,237,2,2446,2,2,2,Lost
CUST100173,497,1,1892,1,1,2,Lost
CUST100174,50,2,3292,4,2,3,New / Recent
CUST100175,244,3,1691,2,3,2,At Risk
CUST100176,329,1,1157,2,1,1,Lost
CUST100177,596,1,1682,1,1,2,Lost
CUST100178,294,1,470,2,1,1,Lost
CUST100179,404,1,400,1,1,1,Lost
CUST100180,472,2,8569,1,2,4,Lost
CUST100181,59,7,13131,4,5,5,Champions
CUST100182,89,3,10389,4,3,4,Needs Attention
CUST100183,41,2,2966,5,2,2,New / Recent
CUST100184,88,3,3378,4,3,3,Needs Attention
CUST100185,292,2,1666,2,2,2,Lost
CUST100186,32,2,2061,5,2,2,New / Recent
CUST100188,70,1,1241,4,1,1,New / Recent
CUST100193,90,1,612,4,1,1,New / Recent
CUST100194,51,3,3426,4,3,3,Needs Attention
CUST100195,20,12,29614,5,5,5,Champions
CUST100196,223,1,2548,2,1,2,Lost
CUST100198,54,18,37288,4,5,5,Champions
CUST100199,138,2,3978,3,2,3,Needs Attention
CUST100200,295,1,1454,2,1,1,Lost
CUST100201,238,1,245,2,1,1,Lost
CUST100202,34,2,4129,5,2,3,New / Recent
CUST100203,199,10,41872,3,5,5,Loyal
CUST100207,54,3,3655,4,3,3,Needs Attention
CUST100208,264,1,1139,2,1,1,Lost
CUST100210,48,2,3437,4,2,3,New / Recent
CUST100211,57,5,9030,4,4,4,Champions
CUST100212,126,2,3264,3,2,3,Needs Attention
CUST100213,54,3,3030,4,3,2,Needs Attention
CUST100214,6,1,1140,5,1,1,New / Recent
CUST100215,81,6,6429,4,4,4,Champions
CUST100217,131,2,5392,3,2,3,Needs Attention
CUST100218,90,16,19501,4,5,5,Champions
CUST100219,426,4,8041,1,4,4,Loyal
CUST100220,357,2,5742,2,2,3,Lost
CUST100221,9,24,46462,5,5,5,Champions
CUST100223,1,8,19821,5,5,5,Champions
CUST100225,371,4,5763,2,4,3,Loyal
CUST100227,166,4,9288,3,4,4,Loyal
CUST100228,84,2,2020,4,2,2,New / Recent
CUST100229,286,1,196,2,1,1,Lost
CUST100230,200,2,3533,3,2,3,Needs Attention
CUST100231,298,1,2408,2,1,2,Lost
CUST100232,58,3,5811,4,3,3,Needs Attention
CUST100236,205,1,1250,3,1,1,Needs Attention
CUST100237,84,3,3796,4,3,3,Needs Attention
CUST100238,28,8,9707,5,5,4,Champions
CUST100239,485,2,2866,1,2,2,Lost
CUST100240,38,1,248,5,1,1,New / Recent
CUST100242,143,3,10270,3,3,4,Needs Attention
CUST100243,224,3,2650,2,3,2,At Risk
CUST100244,277,1,877,2,1,1,Lost
CUST100245,82,5,8111,4,4,4,Champions
CUST100247,219,2,2184,2,2,2,Lost
CUST100248,318,4,9456,2,4,4,Loyal
CUST100249,639,2,2063,1,2,2,Lost
CUST100252,268,1,3312,2,1,3,Lost
CUST100253,79,11,31634,4,5,5,Champions
CUST100254,38,2,6221,5,2,4,New / Recent
CUST100255,382,3,2528,1,3,2,At Risk
CUST100256,620,1,499,1,1,1,Lost
CUST100257,232,3,4870,2,3,3,At Risk
CUST100258,584,2,2866,1,2,2,Lost
CUST100259,669,1,1482,1,1,1,Lost
CUST100261,504,1,288,1,1,1,Lost
CUST100263,40,1,7378,5,1,4,New / Recent
CUST100264,372,1,2397,2,1,2,Lost
CUST100265,318,3,5926,2,3,3,At Risk
CUST100267,143,3,6609,3,3,4,Needs Attention
CUST100268,351,3,8861,2,3,4,At Risk
CUST100269,256,3,2470,2,3,2,At Risk
CUST100270,150,2,2501,3,2,2,Needs Attention
CUST100271,449,2,2381,1,2,2,Lost
CUST100272,328,9,13138,2,5,5,Loyal
CUST100273,1,2,4822,5,2,3,New / Recent
CUST100276,22,7,34371,5,5,5,Champions
CUST100277,74,6,8566,4,4,4,Champions
CUST100278,369,1,1529,2,1,2,Lost
CUST100279,405,2,1367,1,2,1,Lost
CUST100280,214,4,9359,2,4,4,Loyal
CUST100281,7,8,10879,5,5,4,Champions
CUST100282,57,2,2636,4,2,2,New / Recent
CUST100284,84,8,7482,4,5,4,Champions
CUST100285,88,2,801,4,2,1,New / Recent
CUST100286,184,1,291,3,1,1,Needs Attention
CUST100287,4,4,15900,5,4,5,Champions
CUST100288,42,1,912,5,1,1,New / Recent
CUST100290,325,2,2744,2,2,2,Lost
CUST100291,61,4,5624,4,4,3,Champions
CUST100293,85,3,3655,4,3,3,Needs Attention
CUST100295,257,3,1757,2,3,2,At Risk
CUST100297,53,1,1064,4,1,1,New / Recent
CUST100298,262,1,7885,2,1,4,Lost
CUST100299,43,4,10126,5,4,4,Champions
CUST100300,81,5,5554,4,4,3,Champions
CUST100302,90,2,3290,4,2,3,New / Recent
CUST100304,318,1,844,2,1,1,Lost
CUST100306,281,2,2183,2,2,2,Lost
CUST100308,545,1,316,1,1,1,Lost
CUST100309,245,1,809,2,1,1,Lost
CUST100311,142,6,5288,3,4,3,Loyal
CUST100312,59,3,10629,4,3,4,Needs Attention
CUST100313,52,11,11767,4,5,5,Champions
CUST100315,610,1,327,1,1,1,Lost
CUST100317,232,2,4657,2,2,3,Lost
CUST100319,29,6,5108,5,4,3,Champions
CUST100320,142,2,711,3,2,1,Needs Attention
CUST100321,394,3,4478,1,3,3,At Risk
CUST100322,324,3,14521,2,3,5,At Risk
CUST100323,122,8,24605,3,5,5,Loyal
CUST100324,271,3,5372,2,3,3,At Risk
CUST100325,160,4,2468,3,4,2,Loyal
CUST100326,59,3,4795,4,3,3,Needs Attention
CUST100329,195,3,4284,3,3,3,Needs Attention
CUST100330,170,4,13336,3,4,5,Loyal
CUST100331,254,4,6844,2,4,4,Loyal
CUST100334,30,2,2796,5,2,2,New / Recent
CUST100335,26,10,25816,5,5,5,Champions
CUST100336,8,10,23188,5,5,5,Champions
CUST100337,10,6,12697,5,4,5,Champions
CUST100338,138,5,2001,3,4,2,Loyal
CUST100339,266,6,7558,2,4,4,Loyal
CUST100340,313,1,5102,2,1,3,Lost
CUST100341,645,1,7388,1,1,4,Lost
CUST100342,86,4,4868,4,4,3,Champions
CUST100344,147,1,299,3,1,1,Needs Attention
CUST100346,92,4,8120,4,4,4,Champions
CUST100347,143,2,2261,3,2,2,Needs Attention
CUST100348,79,13,23953,4,5,5,Champions
CUST100349,612,2,3100,1,2,2,Lost
CUST100350,86,14,12331,4,5,5,Champions
CUST100351,77,2,3180,4,2,2,New / Recent
CUST100353,193,2,2382,3,2,2,Needs Attention
CUST100354,11,13,26024,5,5,5,Champions
CUST100355,146,4,2934,3,4,2,Loyal
CUST100357,63,2,759,4,2,1,New / Recent
CUST100359,86,8,4618,4,5,3,Champions
CUST100360,18,5,7060,5,4,4,Champions
CUST100361,106,4,2805,3,4,2,Loyal
CUST100362,72,2,4349,4,2,3,New / Recent
CUST100364,137,1,986,3,1,1,Needs Attention
CUST100365,373,3,6774,2,3,4,At Risk
CUST100366,271,3,4324,2,3,3,At Risk
CUST100367,80,2,2615,4,2,2,New / Recent
CUST100368,282,1,296,2,1,1,Lost
CUST100369,111,2,11800,3,2,5,Needs Attention
CUST100370,23,3,4140,5,3,3,Needs Attention
CUST100371,340,2,812,2,2,1,Lost
CUST100372,678,1,1360,1,1,1,Lost
CUST100373,669,1,938,1,1,1,Lost
CUST100374,12,1,616,5,1,1,New / Recent
CUST100377,118,1,1134,3,1,1,Needs Attention
CUST100378,103,4,8535,3,4,4,Loyal
CUST100379,97,13,18536,4,5,5,Champions
CUST100381,582,1,987,1,1,1,Lost
CUST100382,85,3,4367,4,3,3,Needs Attention
CUST100383,1,12,38341,5,5,5,Champions
CUST100384,5,4,6768,5,4,4,Champions
CUST100385,82,1,1010,4,1,1,New / Recent
CUST100387,513,1,16858,1,1,5,Lost
CUST100388,715,1,6653,1,1,4,Lost
CUST100389,62,2,775,4,2,1,New / Recent
CUST100390,290,1,482,2,1,1,Lost
CUST100392,46,10,19125,5,5,5,Champions
CUST100393,136,1,455,3,1,1,Needs Attention
CUST100394,662,1,837,1,1,1,Lost
CUST100395,517,1,3091,1,1,2,Lost
CUST100397,50,6,10048,4,4,4,Champions
CUST100398,50,4,9316,4,4,4,Champions
CUST100399,396,4,16947,1,4,5,Loyal
CUST100400,220,2,1772,2,2,2,Lost
CUST100403,92,1,270,4,1,1,New / Recent
CUST100404,635,1,8730,1,1,4,Lost
CUST100405,203,4,6113,3,4,4,Loyal
CUST100406,318,2,3075,2,2,2,Lost
CUST100407,289,1,939,2,1,1,Lost
CUST100408,8,7,11688,5,5,5,Champions
CUST100409,132,3,5841,3,3,3,Needs Attention
CUST100411,464,4,5607,1,4,3,Loyal
CUST100413,114,12,15125,3,5,5,Loyal
CUST100415,29,1,912,5,1,1,New / Recent
CUST100416,31,1,461,5,1,1,New / Recent
CUST100417,427,1,543,1,1,1,Lost
CUST100420,573,1,2055,1,1,2,Lost
CUST100421,12,6,7535,5,4,4,Champions
CUST100422,289,1,2269,2,1,2,Lost
CUST100423,140,2,3407,3,2,3,Needs Attention
CUST100424,267,3,4742,2,3,3,At Risk
CUST100425,14,2,1938,5,2,2,New / Recent
CUST100426,117,4,4185,3,4,3,Loyal
CUST100427,386,1,2726,1,1,2,Lost
CUST100430,570,1,650,1,1,1,Lost
CUST100431,452,1,554,1,1,1,Lost
CUST100432,83,2,4268,4,2,3,New / Recent
CUST100433,28,6,17443,5,4,5,Champions
CUST100434,233,4,3095,2,4,2,Loyal
CUST100436,341,3,4646,2,3,3,At Risk
CUST100437,287,3,5284,2,3,3,At Risk
CUST100439,64,9,18758,4,5,5,Champions
CUST100440,143,2,1754,3,2,2,Needs Attention
CUST100441,368,1,248,2,1,1,Lost
CUST100442,19,6,3736,5,4,3,Champions
CUST100443,86,1,2646,4,1,2,New / Recent
CUST100444,79,2,2629,4,2,2,New / Recent
CUST100446,145,5,8434,3,4,4,Loyal
CUST100448,374,3,2450,2,3,2,At Risk
CUST100449,248,2,2878,2,2,2,Lost
CUST100450,661,2,1826,1,2,2,Lost
CUST100451,141,1,1058,3,1,1,Needs Attention
CUST100453,288,3,3780,2,3,3,At Risk
CUST100454,50,4,2856,4,4,2,Champions
CUST100455,317,1,3121,2,1,2,Lost
CUST100456,667,2,1751,1,2,2,Lost
CUST100457,171,1,815,3,1,1,Needs Attention
CUST100458,505,1,686,1,1,1,Lost
CUST100459,141,3,6538,3,3,4,Needs Attention
CUST100460,482,1,865,1,1,1,Lost
CUST100461,44,4,8217,5,4,4,Champions
CUST100462,59,3,5868,4,3,3,Needs Attention
CUST100464,129,3,2223,3,3,2,Needs Attention
CUST100465,657,1,911,1,1,1,Lost
CUST100468,84,3,1985,4,3,2,Needs Attention
CUST100469,61,3,5659,4,3,3,Needs Attention
CUST100471,281,2,4751,2,2,3,Lost
CUST100472,597,1,822,1,1,1,Lost
CUST100473,193,2,4119,3,2,3,Needs Attention
CUST100474,475,1,430,1,1,1,Lost
CUST100475,89,5,9425,4,4,4,Champions
CUST100478,20,2,1527,5,2,2,New / Recent
CUST100479,38,13,25251,5,5,5,Champions
CUST100480,296,1,4665,2,1,3,Lost
CUST100481,88,2,1503,4,2,2,New / Recent
CUST100482,414,3,1834,1,3,2,At Risk
CUST100483,197,1,445,3,1,1,Needs Attention
CUST100484,138,1,2120,3,1,2,Needs Attention
CUST100485,215,2,1060,2,2,1,Lost
CUST100486,277,1,1730,2,1,2,Lost
CUST100487,58,5,6423,4,4,4,Champions
CUST100488,112,1,2056,3,1,2,Needs Attention
CUST100489,138,4,5071,3,4,3,Loyal
CUST100490,729,2,3018,1,2,2,Lost
CUST100491,143,3,8994,3,3,4,Needs Attention
CUST100492,508,1,2319,1,1,2,Lost
CUST100493,142,6,13916,3,4,5,Loyal
CUST100494,284,2,9078,2,2,4,Lost
CUST100495,170,5,7075,3,4,4,Loyal
CUST100496,246,5,7215,2,4,4,Loyal
CUST100497,190,7,13375,3,5,5,Loyal
CUST100498,346,2,1384,2,2,1,Lost
CUST100499,170,9,15847,3,5,5,Loyal
CUST100500,25,3,17171,5,3,5,Needs Attention
CUST100502,31,1,490,5,1,1,New / Recent
CUST100503,109,7,4197,3,5,3,Loyal
CUST100504,373,1,1083,2,1,1,Lost
CUST100505,81,11,26110,4,5,5,Champions
CUST100506,136,5,8502,3,4,4,Loyal
CUST100507,599,1,630,1,1,1,Lost
CUST100509,249,1,1019,2,1,1,Lost
CUST100510,59,16,72570,4,5,5,Champions
CUST100513,633,2,1964,1,2,2,Lost
CUST100514,90,8,22169,4,5,5,Champions
CUST100515,555,1,2160,1,1,2,Lost
CUST100516,104,3,3454,3,3,3,Needs Attention
CUST100517,86,10,8050,4,5,4,Champions
CUST100518,83,3,2273,4,3,2,Needs Attention
CUST100519,355,1,944,2,1,1,Lost
CUST100520,59,4,7150,4,4,4,Champions
CUST100521,84,2,5666,4,2,3,New / Recent
CUST100522,84,2,1239,4,2,1,New / Recent
CUST100523,619,1,8482,1,1,4,Lost
CUST100524,102,1,4985,3,1,3,Needs Attention
CUST100527,143,1,1095,3,1,1,Needs Attention
CUST100531,7,8,25593,5,5,5,Champions
CUST100532,7,3,5954,5,3,3,Needs Attention
CUST100533,34,2,12007,5,2,5,New / Recent
CUST100534,72,5,4274,4,4,3,Champions
CUST100535,355,2,4593,2,2,3,Lost
CUST100536,8,5,23100,5,4,5,Champions
CUST100538,521,2,2838,1,2,2,Lost
CUST100539,44,21,37368,5,5,5,Champions
CUST100540,174,2,4345,3,2,3,Needs Attention
CUST100541,344,1,3765,2,1,3,Lost
CUST100542,90,2,7150,4,2,4,New / Recent
CUST100543,282,1,176,2,1,1,Lost
CUST100547,141,3,9941,3,3,4,Needs Attention
CUST100548,50,4,6191,4,4,4,Champions
CUST100549,255,2,2451,2,2,2,Lost
CUST100550,135,6,9646,3,4,4,Loyal
CUST100551,194,2,4984,3,2,3,Needs Attention
CUST100552,89,1,2079,4,1,2,New / Recent
CUST100553,156,2,3129,3,2,2,Needs Attention
CUST100554,7,4,2873,5,4,2,Champions
CUST100555,285,4,5175,2,4,3,Loyal
CUST100557,444,2,2712,1,2,2,Lost
CUST100558,120,11,12181,3,5,5,Loyal
CUST100559,327,2,2004,2,2,2,Lost
CUST100560,510,2,3044,1,2,2,Lost
CUST100561,11,3,14300,5,3,5,Needs Attention
CUST100562,214,2,5865,2,2,3,Lost
CUST100563,204,3,4676,3,3,3,Needs Attention
CUST100565,482,2,12474,1,2,5,Lost
CUST100566,1,6,14260,5,5,5,Champions
CUST100567,218,4,11176,2,4,4,Loyal
CUST100569,52,5,6406,4,4,4,Champions
CUST100570,641,2,1568,1,2,2,Lost
CUST100571,61,7,12732,4,5,5,Champions
CUST100572,126,2,8020,3,2,4,Needs Attention
CUST100573,1,2,3158,5,2,2,New / Recent
CUST100574,598,1,950,1,1,1,Lost
CUST100575,184,2,3468,3,2,3,Needs Attention
CUST100577,709,1,1956,1,1,2,Lost
CUST100578,33,2,764,5,2,1,New / Recent
CUST100579,216,5,3423,2,4,3,Loyal
CUST100582,181,4,5647,3,4,3,Loyal
CUST100584,250,2,4780,2,2,3,Lost
CUST100585,59,2,2215,4,2,2,New / Recent
CUST100586,35,6,6698,5,5,4,Champions
CUST100587,253,3,10023,2,3,4,At Risk
CUST100589,72,1,7350,4,1,4,New / Recent
CUST100590,166,2,1808,3,2,2,Needs Attention
CUST100592,3,9,10368,5,5,4,Champions
CUST100593,263,3,2611,2,3,2,At Risk
CUST100595,23,11,7947,5,5,4,Champions
CUST100596,289,4,16309,2,4,5,Loyal
CUST100597,35,3,4929,5,3,3,Needs Attention
CUST100599,119,5,13375,3,4,5,Loyal
CUST100600,36,10,15246,5,5,5,Champions
CUST100601,89,3,1952,4,3,2,Needs Attention
CUST100602,13,10,13756,5,5,5,Champions
CUST100603,214,4,7687,2,4,4,Loyal
CUST100604,181,3,12811,3,3,5,Needs Attention
CUST100605,139,4,4991,3,4,3,Loyal
CUST100606,185,2,15843,3,2,5,Needs Attention
CUST100607,23,1,1081,5,1,1,New / Recent
CUST100608,506,1,201,1,1,1,Lost
CUST100609,139,3,827,3,3,1,Needs Attention
CUST100610,49,8,14476,4,5,5,Champions
CUST100611,417,1,387,1,1,1,Lost
CUST100612,137,2,5554,3,2,3,Needs Attention
CUST100613,121,8,9823,3,5,4,Loyal
CUST100614,689,1,2460,1,1,2,Lost
CUST100616,65,11,13741,4,5,5,Champions
CUST100617,670,1,666,1,1,1,Lost
CUST100618,147,4,1348,3,4,1,Loyal
CUST100619,136,3,3622,3,3,3,Needs Attention
CUST100620,242,7,33784,2,5,5,Loyal
CUST100621,143,3,1673,3,3,2,Needs Attention
CUST100622,84,2,1843,4,2,2,New / Recent
CUST100623,46,1,2410,5,1,2,New / Recent
CUST100624,437,2,2613,1,2,2,Lost
CUST100625,710,1,195,1,1,1,Lost
CUST100626,187,4,13457,3,4,5,Loyal
CUST100627,236,1,1245,2,1,1,Lost
CUST100628,88,3,12324,4,3,5,Needs Attention
CUST100629,451,3,4508,1,3,3,At Risk
CUST100630,430,2,4940,1,2,3,Lost
CUST100631,232,4,14413,2,4,5,Loyal
CUST100633,46,20,31979,4,5,5,Champions
CUST100635,346,1,474,2,1,1,Lost
CUST100636,13,6,13729,5,5,5,Champions
CUST100639,447,2,1708,1,2,2,Lost
CUST100641,374,3,10841,2,3,4,At Risk
CUST100643,6,12,42917,5,5,5,Champions
CUST100644,219,1,258,2,1,1,Lost
CUST100645,48,4,4074,4,4,3,Champions
CUST100646,257,1,604,2,1,1,Lost
CUST100647,218,3,4036,2,3,3,At Risk
CUST100648,261,7,7384,2,5,4,Loyal
CUST100649,76,24,60265,4,5,5,Champions
CUST100650,212,5,10397,2,4,4,Loyal
CUST100651,24,4,4130,5,4,3,Champions
CUST100652,87,7,15362,4,5,5,Champions
CUST100653,449,2,1362,1,2,1,Lost
CUST100654,234,3,5395,2,3,3,At Risk
CUST100656,645,1,246,1,1,1,Lost
CUST100658,329,4,13444,2,4,5,Loyal
CUST100659,156,3,2557,3,3,2,Needs Attention
CUST100661,600,1,964,1,1,1,Lost
CUST100662,87,3,6502,4,3,4,Needs Attention
CUST100664,66,4,6761,4,4,4,Champions
CUST100665,375,3,2285,2,3,2,At Risk
CUST100668,163,5,13616,3,4,5,Loyal
CUST100669,483,1,2288,1,1,2,Lost
CUST100671,478,1,2232,1,1,2,Lost
CUST100672,159,6,8102,3,5,4,Loyal
CUST100674,114,3,7446,3,3,4,Needs Attention
CUST100675,329,3,2369,2,3,2,At Risk
CUST100676,209,6,14722,3,5,5,Loyal
CUST100677,6,2,1307,5,2,1,New / Recent
CUST100678,568,1,1860,1,1,2,Lost
CUST100679,159,3,5173,3,3,3,Needs Attention
CUST100680,142,2,1591,3,2,2,Needs Attention
CUST100681,8,2,1450,5,2,1,New / Recent
CUST100682,27,2,3482,5,2,3,New / Recent
CUST100683,49,7,13952,4,5,5,Champions
CUST100684,120,3,13827,3,3,5,Needs Attention
CUST100685,170,2,1580,3,2,2,Needs Attention
CUST100686,44,1,3206,5,1,2,New / Recent
CUST100687,582,3,2275,1,3,2,At Risk
CUST100689,94,1,1620,4,1,2,New / Recent
CUST100692,52,2,4008,4,2,3,New / Recent
CUST100693,285,4,7482,2,4,4,Loyal
CUST100694,374,3,6290,2,3,4,At Risk
CUST100695,70,2,2211,4,2,2,New / Recent
CUST100696,67,5,3067,4,4,2,Champions
CUST100698,569,2,7373,1,2,4,Lost
CUST100699,89,3,6273,4,3,4,Needs Attention
CUST100700,164,5,8108,3,4,4,Loyal
CUST100701,4,18,24043,5,5,5,Champions
CUST100702,668,1,2563,1,1,2,Lost
CUST100704,52,3,7430,4,3,4,Needs Attention
CUST100705,525,3,6162,1,3,4,At Risk
CUST100706,153,1,1455,3,1,1,Needs Attention
CUST100707,247,2,3182,2,2,2,Lost
CUST100709,328,1,1661,2,1,2,Lost
CUST100710,566,1,3075,1,1,2,Lost
CUST100711,172,3,8498,3,3,4,Needs Attention
CUST100713,589,1,3648,1,1,3,Lost
CUST100714,15,3,12543,5,3,5,Needs Attention
CUST100715,129,4,3311,3,4,3,Loyal
CUST100716,48,8,18900,4,5,5,Champions
CUST100719,3,3,2157,5,3,2,Needs Attention
CUST100721,473,1,893,1,1,1,Lost
CUST100722,540,1,315,1,1,1,Lost
CUST100723,43,13,17663,5,5,5,Champions
CUST100724,290,1,1792,2,1,2,Lost
CUST100725,39,2,5129,5,2,3,New / Recent
CUST100726,61,3,8334,4,3,4,Needs Attention
CUST100727,617,2,4404,1,2,3,Lost
CUST100728,118,6,10607,3,5,4,Loyal
CUST100729,593,2,3347,1,2,3,Lost
CUST100731,107,5,7843,3,4,4,Loyal
CUST100732,3,19,41961,5,5,5,Champions
CUST100733,14,12,23379,5,5,5,Champions
CUST100734,32,4,3812,5,4,3,Champions
CUST100735,92,5,5154,4,4,3,Champions
CUST100736,118,1,5950,3,1,3,Needs Attention
CUST100737,376,4,3353,1,4,3,Loyal
CUST100739,198,5,8508,3,4,4,Loyal
CUST100740,1,6,16823,5,5,5,Champions
CUST100742,150,1,4475,3,1,3,Needs Attention
CUST100745,597,1,1361,1,1,1,Lost
CUST100746,276,2,1711,2,2,2,Lost
CUST100748,10,12,26280,5,5,5,Champions
CUST100749,3,3,3039,5,3,2,Needs Attention
CUST100750,33,8,14447,5,5,5,Champions
CUST100751,62,7,8096,4,5,4,Champions
CUST100752,70,1,5220,4,1,3,New / Recent
CUST100753,14,20,27867,5,5,5,Champions
CUST100754,66,3,3770,4,3,3,Needs Attention
CUST100756,189,4,7066,3,4,4,Loyal
CUST100757,38,3,3645,5,3,3,Needs Attention
CUST100758,210,4,3939,2,4,3,Loyal
CUST100759,38,3,5249,5,3,3,Needs Attention
CUST100760,665,1,1426,1,1,1,Lost
CUST100761,49,12,29665,4,5,5,Champions
CUST100762,346,1,587,2,1,1,Lost
CUST100763,4,5,19528,5,4,5,Champions
CUST100764,6,8,7560,5,5,4,Champions
CUST100766,171,3,4834,3,3,3,Needs Attention
CUST100768,199,4,13604,3,4,5,Loyal
CUST100770,50,3,2226,4,3,2,Needs Attention
CUST100772,7,13,23408,5,5,5,Champions
CUST100773,171,4,4434,3,4,3,Loyal
CUST100774,144,5,4649,3,4,3,Loyal
CUST100775,159,1,1060,3,1,1,Needs Attention
CUST100777,91,6,9833,4,5,4,Champions
CUST100778,280,1,809,2,1,1,Lost
CUST100779,1,6,6165,5,5,4,Champions
CUST100780,482,1,385,1,1,1,Lost
CUST100781,116,3,1792,3,3,2,Needs Attention
CUST100782,266,1,1008,2,1,1,Lost
CUST100783,377,1,2504,1,1,2,Lost
CUST100784,419,2,6206,1,2,4,Lost
CUST100786,719,1,1078,1,1,1,Lost
CUST100787,449,2,5045,1,2,3,Lost
CUST100788,281,1,2125,2,1,2,Lost
CUST100789,5,5,14816,5,4,5,Champions
CUST100793,2,1,597,5,1,1,New / Recent
CUST100794,87,5,12844,4,4,5,Champions
CUST100795,32,15,25562,5,5,5,Champions
CUST100796,12,5,2156,5,4,2,Champions
CUST100797,262,4,12983,2,4,5,Loyal
CUST100798,6,8,7011,5,5,4,Champions
CUST100799,368,1,2288,2,1,2,Lost
CUST100800,27,10,15351,5,5,5,Champions
CUST100801,32,3,6030,5,3,4,Needs Attention
CUST100802,212,3,6610,2,3,4,At Risk
CUST100803,2,4,7308,5,4,4,Champions
CUST100805,183,4,15202,3,4,5,Loyal
CUST100807,716,1,5005,1,1,3,Lost
CUST100808,55,1,419,4,1,1,New / Recent
CUST100810,282,1,543,2,1,1,Lost
CUST100811,128,3,2605,3,3,2,Needs Attention
CUST100814,142,4,8821,3,4,4,Loyal
CUST100815,220,2,2512,2,2,2,Lost
CUST100816,630,1,381,1,1,1,Lost
CUST100818,464,1,1862,1,1,2,Lost
CUST100819,84,5,10194,4,4,4,Champions
CUST100820,37,3,1524,5,3,2,Needs Attention
CUST100822,221,3,2981,2,3,2,At Risk
CUST100823,286,2,1868,2,2,2,Lost
CUST100824,231,1,1196,2,1,1,Lost
CUST100826,279,4,10223,2,4,4,Loyal
CUST100827,107,3,5251,3,3,3,Needs Attention
CUST100828,415,1,110,1,1,1,Lost
CUST100829,62,4,4770,4,4,3,Champions
CUST100830,349,1,576,2,1,1,Lost
CUST100831,84,6,14890,4,5,5,Champions
CUST100832,346,1,1260,2,1,1,Lost
CUST100834,489,1,970,1,1,1,Lost
CUST100835,718,1,703,1,1,1,Lost
CUST100836,555,3,5386,1,3,3,At Risk
CUST100837,59,4,6917,4,4,4,Champions
CUST100838,255,4,6735,2,4,4,Loyal
CUST100839,3,8,25410,5,5,5,Champions
CUST100840,84,7,10862,4,5,4,Champions
CUST100841,263,1,9890,2,1,4,Lost
CUST100842,92,7,8037,4,5,4,Champions
CUST100843,288,4,5635,2,4,3,Loyal
CUST100844,420,2,1111,1,2,1,Lost
CUST100845,236,3,2146,2,3,2,At Risk
CUST100847,198,7,9011,3,5,4,Loyal
CUST100848,114,6,5287,3,5,3,Loyal
CUST100849,163,1,13786,3,1,5,Needs Attention
CUST100850,333,1,1150,2,1,1,Lost
CUST100851,511,1,478,1,1,1,Lost
CUST100852,465,2,9938,1,2,4,Lost
CUST100854,240,1,990,2,1,1,Lost
CUST100855,121,4,7885,3,4,4,Loyal
CUST100856,204,6,17896,3,5,5,Loyal
CUST100857,12,3,1184,5,3,1,Needs Attention
CUST100858,9,2,4077,5,2,3,New / Recent
CUST100859,67,2,3238,4,2,3,New / Recent
CUST100860,194,2,4068,3,2,3,Needs Attention
CUST100861,596,2,1168,1,2,1,Lost
CUST100862,290,1,657,2,1,1,Lost
CUST100863,375,2,1897,2,2,2,Lost
CUST100864,37,5,9916,5,4,4,Champions
CUST100866,527,3,3298,1,3,3,At Risk
CUST100867,572,2,1937,1,2,2,Lost
CUST100868,309,3,2916,2,3,2,At Risk
CUST100869,4,5,7205,5,4,4,Champions
CUST100870,11,24,27782,5,5,5,Champions
CUST100871,476,2,3247,1,2,3,Lost
CUST100872,43,3,7410,5,3,4,Needs Attention
CUST100873,2,15,17273,5,5,5,Champions
CUST100874,237,5,6571,2,4,4,Loyal
CUST100875,76,2,3091,4,2,2,New / Recent
CUST100877,27,6,11632,5,5,5,Champions
CUST100878,290,1,1034,2,1,1,Lost
CUST100879,177,7,3234,3,5,3,Loyal
CUST100880,308,3,9977,2,3,4,At Risk
CUST100883,232,6,24502,2,5,5,Loyal
CUST100886,224,4,6094,2,4,4,Loyal
CUST100888,217,1,1116,2,1,1,Lost
CUST100889,35,4,6414,5,4,4,Champions
CUST100890,7,5,8396,5,4,4,Champions
CUST100892,437,2,1677,1,2,2,Lost
CUST100893,271,2,8316,2,2,4,Lost
CUST100895,179,3,1553,3,3,2,Needs Attention
CUST100897,129,7,10227,3,5,4,Loyal
CUST100898,300,2,2497,2,2,2,Lost
CUST100899,476,1,1908,1,1,2,Lost
CUST100900,57,2,2721,4,2,2,New / Recent
CUST100901,49,3,2762,4,3,2,Needs Attention
CUST100903,117,9,23087,3,5,5,Loyal
CUST100904,44,10,32662,5,5,5,Champions
CUST100905,230,1,833,2,1,1,Lost
CUST100907,81,1,3995,4,1,3,New / Recent
CUST100908,582,1,545,1,1,1,Lost
CUST100909,448,2,3293,1,2,3,Lost
CUST100910,18,4,2324,5,4,2,Champions
CUST100911,709,1,890,1,1,1,Lost
CUST100913,142,3,2297,3,3,2,Needs Attention
CUST100914,141,2,764,3,2,1,Needs Attention
CUST100915,58,1,1795,4,1,2,New / Recent
CUST100916,144,5,6573,3,4,4,Loyal
CUST100917,216,1,5636,2,1,3,Lost
CUST100921,209,3,1294,3,3,1,Needs Attention
CUST100922,200,1,1413,3,1,1,Needs Attention
CUST100923,122,2,11040,3,2,4,Needs Attention
CUST100924,120,4,9981,3,4,4,Loyal
CUST100925,161,3,9645,3,3,4,Needs Attention
CUST100926,424,3,2885,1,3,2,At Risk
CUST100927,490,2,1572,1,2,2,Lost
CUST100928,495,3,5163,1,3,3,At Risk
CUST100929,481,1,1294,1,1,1,Lost
CUST100930,108,3,6296,3,3,4,Needs Attention
CUST100931,118,3,4644,3,3,3,Needs Attention
CUST100932,4,9,8895,5,5,4,Champions
CUST100933,98,11,31666,4,5,5,Champions
CUST100934,10,9,17212,5,5,5,Champions
CUST100935,23,10,18941,5,5,5,Champions
CUST100936,271,1,1904,2,1,2,Lost
CUST100937,415,1,2489,1,1,2,Lost
CUST100938,1,1,1168,5,1,1,New / Recent
CUST100939,492,3,5919,1,3,3,At Risk
CUST100940,341,2,3597,2,2,3,Lost
CUST100942,73,8,13137,4,5,5,Champions
CUST100943,3,14,47473,5,5,5,Champions
CUST100944,120,7,11340,3,5,5,Loyal
CUST100945,156,3,2807,3,3,2,Needs Attention
CUST100946,143,2,4940,3,2,3,Needs Attention
CUST100949,164,15,36415,3,5,5,Loyal
CUST100950,41,2,3077,5,2,2,New / Recent
CUST100951,60,2,3407,4,2,3,New / Recent
CUST100952,59,15,40181,4,5,5,Champions
CUST100953,65,7,7326,4,5,4,Champions
CUST100954,185,4,5676,3,4,3,Loyal
CUST100955,6,3,8626,5,3,4,Needs Attention
CUST100956,601,1,1510,1,1,2,Lost
CUST100957,468,2,3313,1,2,3,Lost
CUST100958,503,2,1720,1,2,2,Lost
CUST100959,266,2,3438,2,2,3,Lost
CUST100960,8,6,3807,5,5,3,Champions
CUST100961,115,4,7813,3,4,4,Loyal
CUST100962,50,21,47972,4,5,5,Champions
CUST100964,131,5,4686,3,4,3,Loyal
CUST100965,32,5,8918,5,4,4,Champions
CUST100967,710,1,3374,1,1,3,Lost
CUST100968,563,1,552,1,1,1,Lost
CUST100971,50,4,7401,4,4,4,Champions
CUST100973,16,3,18473,5,3,5,Needs Attention
CUST100974,495,1,1989,1,1,2,Lost
CUST100975,34,1,1555,5,1,2,New / Recent
CUST100977,76,3,7499,4,3,4,Needs Attention
CUST100978,59,2,648,4,2,1,New / Recent
CUST100979,288,3,2413,2,3,2,At Risk
CUST100980,199,4,5466,3,4,3,Loyal
CUST100983,85,3,3449,4,3,3,Needs Attention
CUST100984,343,1,6666,2,1,4,Lost
CUST100985,7,21,23740,5,5,5,Champions
CUST100986,86,6,11625,4,5,5,Champions
CUST100987,423,1,160,1,1,1,Lost
CUST100988,126,1,2477,3,1,2,Needs Attention
CUST100989,25,1,902,5,1,1,New / Recent
CUST100990,21,7,13905,5,5,5,Champions
CUST100992,591,2,1586,1,2,2,Lost
CUST100993,90,1,741,4,1,1,New / Recent
CUST100994,617,2,2864,1,2,2,Lost
CUST100996,34,1,4920,5,1,3,New / Recent
CUST100997,49,5,7435,4,4,4,Champions
CUST100998,529,3,2729,1,3,2,At Risk
CUST100999,43,7,9175,5,5,4,Champions
CUST101000,89,7,17557,4,5,5,Champions
CUST101001,94,4,5648,4,4,3,Champions
CUST101002,147,6,8305,3,5,4,Loyal
CUST101003,235,3,2374,2,3,2,At Risk
CUST101004,286,2,2685,2,2,2,Lost
CUST101005,73,3,1519,4,3,2,Needs Attention
CUST101006,89,7,9228,4,5,4,Champions
CUST101007,340,5,10837,2,4,4,Loyal
CUST101008,512,2,2132,1,2,2,Lost
CUST101009,163,4,8180,3,4,4,Loyal
CUST101010,600,3,1375,1,3,1,At Risk
CUST101011,31,4,12094,5,4,5,Champions
CUST101012,366,2,1661,2,2,2,Lost
CUST101013,180,1,1644,3,1,2,Needs Attention
CUST101014,110,5,29276,3,4,5,Loyal
CUST101015,144,3,1505,3,3,2,Needs Attention
CUST101016,163,2,4858,3,2,3,Needs Attention
CUST101017,265,3,3695,2,3,3,At Risk
CUST101018,9,29,59594,5,5,5,Champions
CUST101019,94,4,8218,4,4,4,Champions
CUST101020,254,1,1104,2,1,1,Lost
CUST101022,76,7,7838,4,5,4,Champions
CUST101023,668,1,277,1,1,1,Lost
CUST101024,405,1,1730,1,1,2,Lost
CUST101025,200,4,11627,3,4,5,Loyal
CUST101026,77,3,3267,4,3,3,Needs Attention
CUST101027,83,4,9881,4,4,4,Champions
CUST101028,205,2,2414,3,2,2,Needs Attention
CUST101029,70,7,8002,4,5,4,Champions
CUST101030,156,2,6124,3,2,4,Needs Attention
CUST101031,406,2,2637,1,2,2,Lost
CUST101032,292,3,7956,2,3,4,At Risk
CUST101033,142,2,1142,3,2,1,Needs Attention
CUST101034,128,2,916,3,2,1,Needs Attention
CUST101035,369,1,3160,2,1,2,Lost
CUST101036,206,1,3764,3,1,3,Needs Attention
CUST101037,63,1,717,4,1,1,New / Recent
CUST101041,34,9,16102,5,5,5,Champions
CUST101042,583,1,1241,1,1,1,Lost
CUST101043,73,3,2080,4,3,2,Needs Attention
CUST101044,56,2,3152,4,2,2,New / Recent
CUST101045,453,2,3863,1,2,3,Lost
CUST101046,15,2,9942,5,2,4,New / Recent
CUST101048,507,3,18030,1,3,5,At Risk
CUST101049,341,2,3921,2,2,3,Lost
CUST101050,716,1,2397,1,1,2,Lost
CUST101051,235,3,5647,2,3,3,At Risk
CUST101052,361,5,7014,2,4,4,Loyal
CUST101053,421,1,343,1,1,1,Lost
CUST101055,52,2,2433,4,2,2,New / Recent
CUST101056,175,3,3526,3,3,3,Needs Attention
CUST101057,282,2,2714,2,2,2,Lost
CUST101059,318,1,6035,2,1,4,Lost
CUST101060,316,2,4281,2,2,3,Lost
CUST101061,193,1,1359,3,1,1,Needs Attention
CUST101064,88,5,4596,4,4,3,Champions
CUST101067,378,4,9233,1,4,4,Loyal
CUST101068,424,1,4066,1,1,3,Lost
CUST101069,195,7,2665,3,5,2,Loyal
CUST101070,280,1,8835,2,1,4,Lost
CUST101071,35,4,9118,5,4,4,Champions
CUST101072,123,3,13356,3,3,5,Needs Attention
CUST101074,540,1,582,1,1,1,Lost
CUST101075,276,2,3018,2,2,2,Lost
CUST101076,345,1,2368,2,1,2,Lost
CUST101077,77,1,6569,4,1,4,New / Recent
CUST101078,144,2,2768,3,2,2,Needs Attention
CUST101080,200,5,2131,3,4,2,Loyal
CUST101081,234,2,2063,2,2,2,Lost
CUST101082,87,5,10585,4,4,4,Champions
CUST101083,2,8,12372,5,5,5,Champions
CUST101084,5,4,8707,5,4,4,Champions
CUST101085,218,6,10853,2,5,4,Loyal
CUST101086,142,4,6358,3,4,4,Loyal
CUST101087,56,23,49299,4,5,5,Champions
CUST101090,423,5,4199,1,4,3,Loyal
CUST101091,76,4,3450,4,4,3,Champions
CUST101093,12,3,3244,5,3,3,Needs Attention
CUST101095,11,8,16900,5,5,5,Champions
CUST101097,65,6,8722,4,5,4,Champions
CUST101099,25,5,6724,5,4,4,Champions
CUST101100,697,1,446,1,1,1,Lost
CUST101101,448,2,2820,1,2,2,Lost
CUST101102,387,2,986,1,2,1,Lost
CUST101103,298,3,5874,2,3,3,At Risk
CUST101104,25,2,1000,5,2,1,New / Recent
CUST101105,107,2,5099,3,2,3,Needs Attention
CUST101107,376,4,5072,1,4,3,Loyal
CUST101108,68,3,842,4,3,1,Needs Attention
CUST101109,65,4,3420,4,4,3,Champions
CUST101112,8,24,22857,5,5,5,Champions
CUST101113,96,13,31408,4,5,5,Champions
CUST101115,447,2,2341,1,2,2,Lost
CUST101116,284,3,2494,2,3,2,At Risk
CUST101117,61,1,561,4,1,1,New / Recent
CUST101118,90,3,8052,4,3,4,Needs Attention
CUST101119,135,1,518,3,1,1,Needs Attention
CUST101120,620,2,841,1,2,1,Lost
CUST101122,5,4,3683,5,4,3,Champions
CUST101123,636,1,320,1,1,1,Lost
CUST101125,114,5,17811,3,4,5,Loyal
CUST101126,63,2,4945,4,2,3,New / Recent
CUST101127,570,1,950,1,1,1,Lost
CUST101128,84,1,1434,4,1,1,New / Recent
CUST101129,43,15,26331,5,5,5,Champions
CUST101130,393,1,1214,1,1,1,Lost
CUST101132,286,1,402,2,1,1,Lost
CUST101133,340,4,4841,2,4,3,Loyal
CUST101134,179,6,7674,3,5,4,Loyal
CUST101135,34,15,17969,5,5,5,Champions
CUST101136,29,10,13305,5,5,5,Champions
CUST101137,203,4,10621,3,4,4,Loyal
CUST101138,396,2,1534,1,2,2,Lost
CUST101139,58,7,8011,4,5,4,Champions
CUST101140,123,2,2587,3,2,2,Needs Attention
CUST101141,18,2,2189,5,2,2,New / Recent
CUST101142,537,1,912,1,1,1,Lost
CUST101144,402,1,1638,1,1,2,Lost
CUST101145,58,3,10034,4,3,4,Needs Attention
CUST101146,9,9,29093,5,5,5,Champions
CUST101147,543,1,2120,1,1,2,Lost
CUST101150,344,1,718,2,1,1,Lost
CUST101151,140,3,2255,3,3,2,Needs Attention
CUST101152,241,2,6887,2,2,4,Lost
CUST101153,181,2,13324,3,2,5,Needs Attention
CUST101154,3,6,11703,5,5,5,Champions
CUST101155,57,12,24709,4,5,5,Champions
CUST101157,90,2,3089,4,2,2,New / Recent
CUST101158,30,7,22381,5,5,5,Champions
CUST101159,223,1,2346,2,1,2,Lost
CUST101160,270,2,1189,2,2,1,Lost
CUST101161,49,1,699,4,1,1,New / Recent
CUST101163,280,4,7342,2,4,4,Loyal
CUST101164,518,2,1345,1,2,1,Lost
CUST101165,132,3,2557,3,3,2,Needs Attention
CUST101168,196,6,19956,3,5,5,Loyal
CUST101169,52,12,22403,4,5,5,Champions
CUST101170,392,5,10061,1,4,4,Loyal
CUST101171,153,1,14933,3,1,5,Needs Attention
CUST101172,613,1,942,1,1,1,Lost
CUST101174,390,1,5122,1,1,3,Lost
CUST101177,4,3,2862,5,3,2,Needs Attention
CUST101178,113,3,4541,3,3,3,Needs Attention
CUST101179,237,4,4604,2,4,3,Loyal
CUST101180,161,2,2395,3,2,2,Needs Attention
CUST101181,10,2,4418,5,2,3,New / Recent
CUST101182,174,3,7773,3,3,4,Needs Attention
CUST101183,95,4,2238,4,4,2,Champions
CUST101184,321,1,3967,2,1,3,Lost
CUST101186,52,9,25547,4,5,5,Champions
CUST101187,2,3,5779,5,3,3,Needs Attention
CUST101189,538,1,318,1,1,1,Lost
CUST101190,2,1,1698,5,1,2,New / Recent
CUST101191,362,2,5192,2,2,3,Lost
CUST101192,83,5,3346,4,4,3,Champions
CUST101193,590,1,320,1,1,1,Lost
CUST101195,210,1,2145,2,1,2,Lost
CUST101196,233,3,646,2,3,1,At Risk
CUST101197,62,2,2638,4,2,2,New / Recent
CUST101200,375,1,3600,1,1,3,Lost
CUST101201,256,2,2205,2,2,2,Lost
CUST101202,198,1,3177,3,1,2,Needs Attention
CUST101203,138,5,10422,3,4,4,Loyal
CUST101204,665,1,946,1,1,1,Lost
CUST101205,78,6,11753,4,5,5,Champions
CUST101206,190,1,2375,3,1,2,Needs Attention
CUST101208,89,4,13420,4,4,5,Champions
CUST101209,266,1,901,2,1,1,Lost
CUST101210,308,3,3554,2,3,3,At Risk
CUST101211,709,1,2411,1,1,2,Lost
CUST101212,413,1,992,1,1,1,Lost
CUST101213,83,1,1441,4,1,1,New / Recent
CUST101215,23,6,5609,5,5,3,Champions
CUST101216,89,3,1000,4,3,1,Needs Attention
CUST101217,99,1,970,4,1,1,New / Recent
CUST101219,264,2,7832,2,2,4,Lost
CUST101220,58,1,5212,4,1,3,New / Recent
CUST101222,153,2,3317,3,2,3,Needs Attention
CUST101225,258,4,3478,2,4,3,Loyal
CUST101227,78,3,3500,4,3,3,Needs Attention
CUST101228,338,1,4311,2,1,3,Lost
CUST101229,149,2,3806,3,2,3,Needs Attention
CUST101230,188,5,13816,3,4,5,Loyal
CUST101232,142,1,1004,3,1,1,Needs Attention
CUST101234,354,2,1750,2,2,2,Lost
CUST101235,423,4,12486,1,4,5,Loyal
CUST101237,36,1,570,5,1,1,New / Recent
CUST101238,29,9,26020,5,5,5,Champions
CUST101239,267,5,17906,2,4,5,Loyal
CUST101242,379,2,2947,1,2,2,Lost
CUST101243,389,1,1068,1,1,1,Lost
CUST101244,26,8,10475,5,5,4,Champions
CUST101245,23,6,15197,5,5,5,Champions
CUST101246,54,3,9337,4,3,4,Needs Attention
CUST101247,93,1,4929,4,1,3,New / Recent
CUST101248,617,1,9652,1,1,4,Lost
CUST101250,227,5,7178,2,4,4,Loyal
CUST101251,64,1,954,4,1,1,New / Recent
CUST101253,367,3,4153,2,3,3,At Risk
CUST101254,21,8,16135,5,5,5,Champions
CUST101255,210,2,3888,2,2,3,Lost
CUST101256,177,3,4780,3,3,3,Needs Attention
CUST101258,368,1,5982,2,1,4,Lost
CUST101260,47,1,1900,4,1,2,New / Recent
CUST101261,343,3,1438,2,3,1,At Risk
CUST101262,86,10,34687,4,5,5,Champions
CUST101264,173,1,465,3,1,1,Needs Attention
CUST101265,31,14,22784,5,5,5,Champions
CUST101267,596,1,389,1,1,1,Lost
CUST101268,87,1,932,4,1,1,New / Recent
CUST101269,715,1,2396,1,1,2,Lost
CUST101271,407,2,1389,1,2,1,Lost
CUST101272,245,1,3791,2,1,3,Lost
CUST101273,577,1,1138,1,1,1,Lost
CUST101274,338,2,2429,2,2,2,Lost
CUST101275,124,3,17470,3,3,5,Needs Attention
CUST101276,181,1,263,3,1,1,Needs Attention
CUST101277,112,3,4291,3,3,3,Needs Attention
CUST101278,547,1,3552,1,1,3,Lost
CUST101281,88,13,38265,4,5,5,Champions
CUST101282,6,2,1439,5,2,1,New / Recent
CUST101283,536,1,1840,1,1,2,Lost
CUST101286,166,1,1920,3,1,2,Needs Attention
CUST101287,702,1,1074,1,1,1,Lost
CUST101288,125,3,3140,3,3,2,Needs Attention
CUST101289,559,1,552,1,1,1,Lost
CUST101291,67,7,9427,4,5,4,Champions
CUST101292,20,3,2491,5,3,2,Needs Attention
CUST101293,595,1,2628,1,1,2,Lost
CUST101294,593,1,214,1,1,1,Lost
CUST101295,202,1,1984,3,1,2,Needs Attention
CUST101296,8,7,4862,5,5,3,Champions
CUST101298,5,2,1340,5,2,1,New / Recent
CUST101299,16,3,2357,5,3,2,Needs Attention
CUST101301,29,9,16163,5,5,5,Champions
CUST101302,426,1,9936,1,1,4,Lost
CUST101304,376,1,133,1,1,1,Lost
CUST101305,9,7,33763,5,5,5,Champions
CUST101306,264,1,2193,2,1,2,Lost
CUST101307,17,7,10801,5,5,4,Champions
CUST101308,252,1,333,2,1,1,Lost
CUST101309,26,4,21508,5,4,5,Champions
CUST101310,83,4,27110,4,4,5,Champions
CUST101312,42,6,8436,5,5,4,Champions
CUST101313,147,5,5111,3,4,3,Loyal
CUST101315,43,1,765,5,1,1,New / Recent
CUST101317,207,5,12151,3,4,5,Loyal
CUST101318,12,9,13058,5,5,5,Champions
CUST101319,271,2,1026,2,2,1,Lost
CUST101320,193,5,18941,3,4,5,Loyal
CUST101321,538,1,2685,1,1,2,Lost
CUST101322,61,2,2689,4,2,2,New / Recent
CUST101323,32,5,8391,5,4,4,Champions
CUST101325,252,4,4706,2,4,3,Loyal
CUST101326,41,5,10369,5,4,4,Champions
CUST101327,568,1,673,1,1,1,Lost
CUST101328,104,4,2869,3,4,2,Loyal
CUST101329,29,2,2245,5,2,2,New / Recent
CUST101330,104,1,697,3,1,1,Needs Attention
CUST101331,225,10,21700,2,5,5,Loyal
CUST101332,705,1,1213,1,1,1,Lost
CUST101333,90,7,9837,4,5,4,Champions
CUST101335,50,4,4932,4,4,3,Champions
CUST101336,333,1,2700,2,1,2,Lost
CUST101337,90,2,3731,4,2,3,New / Recent
CUST101338,108,6,10876,3,5,4,Loyal
CUST101339,3,14,18838,5,5,5,Champions
CUST101340,40,1,1899,5,1,2,New / Recent
CUST101341,307,4,21061,2,4,5,Loyal
CUST101342,138,4,4281,3,4,3,Loyal
CUST101343,144,11,25329,3,5,5,Loyal
CUST101345,29,3,8177,5,3,4,Needs Attention
CUST101346,142,1,864,3,1,1,Needs Attention
CUST101348,568,2,2120,1,2,2,Lost
CUST101349,29,7,15349,5,5,5,Champions
CUST101351,155,5,6502,3,4,4,Loyal
CUST101352,57,6,17817,4,5,5,Champions
CUST101353,317,4,22732,2,4,5,Loyal
CUST101354,109,3,3806,3,3,3,Needs Attention
CUST101356,139,3,1828,3,3,2,Needs Attention
CUST101357,120,6,10348,3,5,4,Loyal
CUST101358,143,3,11375,3,3,5,Needs Attention
CUST101359,7,5,10560,5,4,4,Champions
CUST101360,65,2,3326,4,2,3,New / Recent
CUST101361,104,9,7913,3,5,4,Loyal
CUST101363,10,12,39802,5,5,5,Champions
CUST101364,530,1,1514,1,1,2,Lost
CUST101365,240,6,11663,2,5,5,Loyal
CUST101366,304,2,7749,2,2,4,Lost
CUST101367,35,4,9182,5,4,4,Champions
CUST101368,151,2,3370,3,2,3,Needs Attention
CUST101369,148,1,8652,3,1,4,Needs Attention
CUST101370,292,5,16898,2,4,5,Loyal
CUST101371,29,6,12375,5,5,5,Champions
CUST101372,138,5,13650,3,4,5,Loyal
CUST101373,1,2,6422,5,2,4,New / Recent
CUST101374,618,1,795,1,1,1,Lost
CUST101375,467,1,2360,1,1,2,Lost
CUST101376,109,2,692,3,2,1,Needs Attention
CUST101377,287,2,3294,2,2,3,Lost
CUST101378,234,2,12784,2,2,5,Lost
CUST101379,55,6,10485,4,5,4,Champions
CUST101380,36,2,2986,5,2,2,New / Recent
CUST101381,284,5,7373,2,4,4,Loyal
CUST101382,49,3,8778,4,3,4,Needs Attention
CUST101383,60,2,1131,4,2,1,New / Recent
CUST101386,202,3,6514,3,3,4,Needs Attention
CUST101387,62,11,22571,4,5,5,Champions
CUST101388,101,3,6658,4,3,4,Needs Attention
CUST101389,224,6,22292,2,5,5,Loyal
CUST101390,600,3,6948,1,3,4,At Risk
CUST101391,240,4,4934,2,4,3,Loyal
CUST101392,209,4,10248,2,4,4,Loyal
CUST101393,16,3,3894,5,3,3,Needs Attention
CUST101394,87,4,14725,4,4,5,Champions
CUST101395,270,1,5552,2,1,3,Lost
CUST101396,120,5,8568,3,4,4,Loyal
CUST101397,446,1,3744,1,1,3,Lost
CUST101398,310,1,218,2,1,1,Lost
CUST101399,29,7,12577,5,5,5,Champions
CUST101400,536,1,1488,1,1,1,Lost
CUST101401,101,1,2381,4,1,2,New / Recent
CUST101402,43,3,7605,5,3,4,Needs Attention
CUST101405,48,3,10224,4,3,4,Needs Attention
CUST101406,40,3,5917,5,3,3,Needs Attention
CUST101407,500,4,3352,1,4,3,Loyal
CUST101411,105,2,3482,3,2,3,Needs Attention
CUST101413,10,7,25849,5,5,5,Champions
CUST101414,498,1,1840,1,1,2,Lost
CUST101415,60,5,11220,4,4,4,Champions
CUST101416,178,6,4228,3,5,3,Loyal
CUST101418,432,2,6229,1,2,4,Lost
CUST101420,197,2,2893,3,2,2,Needs Attention
CUST101422,473,1,1170,1,1,1,Lost
CUST101423,111,10,8204,3,5,4,Loyal
CUST101424,508,1,1470,1,1,1,Lost
CUST101425,152,3,8401,3,3,4,Needs Attention
CUST101426,444,2,874,1,2,1,Lost
CUST101427,156,4,13454,3,4,5,Loyal
CUST101429,385,4,12902,1,4,5,Loyal
CUST101430,60,3,12291,4,3,5,Needs Attention
CUST101432,213,3,5939,2,3,3,At Risk
CUST101433,282,2,3541,2,2,3,Lost
CUST101435,57,3,2376,4,3,2,Needs Attention
CUST101436,80,2,8496,4,2,4,New / Recent
CUST101437,125,4,6503,3,4,4,Loyal
CUST101438,4,7,10348,5,5,4,Champions
CUST101442,25,7,15886,5,5,5,Champions
CUST101444,346,1,1879,2,1,2,Lost
CUST101445,9,6,6840,5,5,4,Champions
CUST101446,134,4,2241,3,4,2,Loyal
CUST101447,403,1,5411,1,1,3,Lost
CUST101448,101,10,19236,3,5,5,Loyal
CUST101449,610,1,4164,1,1,3,Lost
CUST101451,444,3,2862,1,3,2,At Risk
CUST101452,404,1,1705,1,1,2,Lost
CUST101453,377,2,638,1,2,1,Lost
CUST101454,421,1,856,1,1,1,Lost
CUST101455,696,1,400,1,1,1,Lost
CUST101456,549,2,4390,1,2,3,Lost
CUST101458,719,1,1740,1,1,2,Lost
CUST101459,438,3,10654,1,3,4,At Risk
CUST101460,5,9,26697,5,5,5,Champions
CUST101461,482,2,6214,1,2,4,Lost
CUST101462,388,1,455,1,1,1,Lost
CUST101463,105,2,7140,3,2,4,Needs Attention
CUST101464,398,5,12210,1,4,5,Loyal
CUST101465,18,2,4237,5,2,3,New / Recent
CUST101466,640,2,5385,1,2,3,Lost
CUST101467,601,1,1006,1,1,1,Lost
CUST101468,511,1,1080,1,1,1,Lost
CUST101469,83,1,2085,4,1,2,New / Recent
CUST101470,3,6,4359,5,5,3,Champions
CUST101472,634,1,1269,1,1,1,Lost
CUST101473,119,3,4042,3,3,3,Needs Attention
CUST101474,140,1,651,3,1,1,Needs Attention
CUST101475,359,1,1352,2,1,1,Lost
CUST101476,457,2,2678,1,2,2,Lost
CUST101477,44,11,19589,5,5,5,Champions
CUST101479,677,1,1224,1,1,1,Lost
CUST101481,556,1,513,1,1,1,Lost
CUST101482,471,1,468,1,1,1,Lost
CUST101483,297,1,9724,2,1,4,Lost
CUST101484,82,3,5916,4,3,3,Needs Attention
CUST101485,144,4,6785,3,4,4,Loyal
CUST101487,470,1,1380,1,1,1,Lost
CUST101488,67,6,16653,4,5,5,Champions
CUST101489,98,3,1361,4,3,1,Needs Attention
CUST101490,487,2,5475,1,2,3,Lost
CUST101492,13,5,10130,5,4,4,Champions
CUST101494,240,4,2663,2,4,2,Loyal
CUST101496,355,3,3169,2,3,2,At Risk
CUST101499,2,12,17049,5,5,5,Champions
CUST101501,301,3,3974,2,3,3,At Risk
CUST101502,6,15,36737,5,5,5,Champions
CUST101503,243,7,5955,2,5,3,Loyal
CUST101504,237,1,730,2,1,1,Lost
CUST101505,598,1,801,1,1,1,Lost
CUST101507,489,4,25723,1,4,5,Loyal
CUST101509,418,2,3724,1,2,3,Lost
CUST101510,65,2,1404,4,2,1,New / Recent
CUST101511,23,1,270,5,1,1,New / Recent
CUST101512,709,1,360,1,1,1,Lost
CUST101513,156,11,26244,3,5,5,Loyal
CUST101514,85,1,245,4,1,1,New / Recent
CUST101515,712,1,399,1,1,1,Lost
CUST101516,289,1,2738,2,1,2,Lost
CUST101517,89,3,6942,4,3,4,Needs Attention
CUST101518,58,1,502,4,1,1,New / Recent
CUST101519,669,1,308,1,1,1,Lost
CUST101520,268,1,17269,2,1,5,Lost
CUST101521,250,1,5102,2,1,3,Lost
CUST101522,91,1,1354,4,1,1,New / Recent
CUST101523,58,25,67176,4,5,5,Champions
CUST101524,4,2,894,5,2,1,New / Recent
CUST101525,16,2,2015,5,2,2,New / Recent
CUST101526,368,1,671,2,1,1,Lost
CUST101527,662,2,4364,1,2,3,Lost
CUST101528,139,1,1122,3,1,1,Needs Attention
CUST101529,38,3,5239,5,3,3,Needs Attention
CUST101531,100,6,6103,4,5,4,Champions
CUST101533,117,4,9023,3,4,4,Loyal
CUST101535,27,3,5494,5,3,3,Needs Attention
CUST101538,711,1,1757,1,1,2,Lost
CUST101539,232,1,1510,2,1,2,Lost
CUST101540,7,4,6471,5,4,4,Champions
CUST101542,60,6,17833,4,5,5,Champions
CUST101543,273,3,2665,2,3,2,At Risk
CUST101545,213,2,2808,2,2,2,Lost
CUST101546,153,5,16306,3,4,5,Loyal
CUST101548,144,2,590,3,2,1,Needs Attention
CUST101549,475,2,2616,1,2,2,Lost
CUST101550,1,12,23260,5,5,5,Champions
CUST101551,81,2,7366,4,2,4,New / Recent
CUST101552,62,3,2779,4,3,2,Needs Attention
CUST101553,62,3,974,4,3,1,Needs Attention
CUST101554,211,2,12520,2,2,5,Lost
CUST101555,275,3,7784,2,3,4,At Risk
CUST101556,415,2,4196,1,2,3,Lost
CUST101559,375,2,2163,1,2,2,Lost
CUST101560,307,6,13169,2,5,5,Loyal
CUST101561,362,1,555,2,1,1,Lost
CUST101562,66,6,12228,4,5,5,Champions
CUST101563,192,5,12439,3,4,5,Loyal
CUST101564,94,4,9370,4,4,4,Champions
CUST101565,530,2,5572,1,2,3,Lost
CUST101566,382,2,2382,1,2,2,Lost
CUST101567,177,1,13938,3,1,5,Needs Attention
CUST101568,117,4,4828,3,4,3,Loyal
CUST101569,165,3,6539,3,3,4,Needs Attention
CUST101570,104,10,23166,3,5,5,Loyal
CUST101571,82,2,2723,4,2,2,New / Recent
CUST101572,348,1,1980,2,1,2,Lost
CUST101573,405,1,1888,1,1,2,Lost
CUST101574,353,2,1122,2,2,1,Lost
CUST101575,193,6,5246,3,5,3,Loyal
CUST101576,444,2,8251,1,2,4,Lost
CUST101578,256,3,9201,2,3,4,At Risk
CUST101579,198,7,6634,3,5,4,Loyal
CUST101581,3,7,8764,5,5,4,Champions
CUST101583,204,4,5842,3,4,3,Loyal
CUST101584,67,1,374,4,1,1,New / Recent
CUST101585,205,4,5383,3,4,3,Loyal
CUST101586,143,3,3594,3,3,3,Needs Attention
CUST101587,4,4,4704,5,4,3,Champions
CUST101588,143,4,3904,3,4,3,Loyal
CUST101589,52,6,7082,4,5,4,Champions
CUST101590,105,9,13851,3,5,5,Loyal
CUST101591,200,3,1095,3,3,1,Needs Attention
CUST101592,9,9,21697,5,5,5,Champions
CUST101593,193,3,1031,3,3,1,Needs Attention
CUST101594,59,8,19296,4,5,5,Champions
CUST101595,110,4,3960,3,4,3,Loyal
CUST101598,25,7,12405,5,5,5,Champions
CUST101599,110,3,8702,3,3,4,Needs Attention
CUST101600,23,2,1247,5,2,1,New / Recent
CUST101601,280,4,4105,2,4,3,Loyal
CUST101602,114,3,4420,3,3,3,Needs Attention
CUST101604,286,7,13784,2,5,5,Loyal
CUST101605,64,3,4749,4,3,3,Needs Attention
CUST101609,74,2,1057,4,2,1,New / Recent
CUST101610,144,1,914,3,1,1,Needs Attention
CUST101611,140,2,2778,3,2,2,Needs Attention
CUST101612,93,3,4333,4,3,3,Needs Attention
CUST101613,3,20,47516,5,5,5,Champions
CUST101614,40,2,7324,5,2,4,New / Recent
CUST101615,231,5,6194,2,4,4,Loyal
CUST101616,603,1,179,1,1,1,Lost
CUST101617,148,3,6355,3,3,4,Needs Attention
CUST101618,294,5,9766,2,4,4,Loyal
CUST101619,139,2,3505,3,2,3,Needs Attention
CUST101621,224,5,13929,2,4,5,Loyal
CUST101622,46,9,12345,4,5,5,Champions
CUST101623,522,2,5771,1,2,3,Lost
CUST101624,649,1,3978,1,1,3,Lost
CUST101625,66,3,2499,4,3,2,Needs Attention
CUST101627,435,4,3211,1,4,2,Loyal
CUST101628,81,5,17590,4,4,5,Champions
CUST101629,197,3,11432,3,3,5,Needs Attention
CUST101630,165,5,15997,3,4,5,Loyal
CUST101631,242,1,2141,2,1,2,Lost
CUST101632,6,6,12188,5,5,5,Champions
CUST101634,6,2,2591,5,2,2,New / Recent
CUST101635,57,6,14080,4,5,5,Champions
CUST101636,66,7,10226,4,5,4,Champions
CUST101638,335,2,2021,2,2,2,Lost
CUST101639,71,4,2097,4,4,2,Champions
CUST101640,135,2,4145,3,2,3,Needs Attention
CUST101641,69,5,13803,4,4,5,Champions
CUST101642,1,8,13663,5,5,5,Champions
CUST101643,57,4,3699,4,4,3,Champions
CUST101644,126,2,766,3,2,1,Needs Attention
CUST101645,74,18,41472,4,5,5,Champions
CUST101646,134,3,3005,3,3,2,Needs Attention
CUST101647,9,20,53694,5,5,5,Champions
CUST101648,476,2,1951,1,2,2,Lost
CUST101649,46,9,19712,4,5,5,Champions
CUST101650,444,1,720,1,1,1,Lost
CUST101651,198,3,6657,3,3,4,Needs Attention
CUST101652,212,6,12261,2,5,5,Loyal
CUST101653,506,1,245,1,1,1,Lost
CUST101654,7,4,8462,5,4,4,Champions
CUST101655,97,1,2830,4,1,2,New / Recent
CUST101656,553,1,267,1,1,1,Lost
CUST101657,231,1,1037,2,1,1,Lost
CUST101658,683,1,6168,1,1,4,Lost
CUST101659,3,14,11282,5,5,5,Champions
CUST101660,58,13,17615,4,5,5,Champions
CUST101662,62,6,5283,4,5,3,Champions
CUST101663,16,8,20047,5,5,5,Champions
CUST101664,48,1,817,4,1,1,New / Recent
CUST101665,580,2,972,1,2,1,Lost
CUST101667,672,1,378,1,1,1,Lost
CUST101669,61,6,8696,4,5,4,Champions
CUST101670,59,3,4047,4,3,3,Needs Attention
CUST101672,11,1,4589,5,1,3,New / Recent
CUST101674,3,3,2009,5,3,2,Needs Attention
CUST101675,320,2,4445,2,2,3,Lost
CUST101676,63,3,3632,4,3,3,Needs Attention
CUST101678,149,3,5134,3,3,3,Needs Attention
CUST101679,509,1,1858,1,1,2,Lost
CUST101680,210,6,8447,2,5,4,Loyal
CUST101681,139,2,9114,3,2,4,Needs Attention
CUST101682,26,11,31972,5,5,5,Champions
CUST101683,699,1,4380,1,1,3,Lost
CUST101684,65,11,10505,4,5,4,Champions
CUST101685,7,2,2464,5,2,2,New / Recent
CUST101686,18,7,10388,5,5,4,Champions
CUST101687,74,3,2444,4,3,2,Needs Attention
CUST101688,230,4,1934,2,4,2,Loyal
CUST101689,357,1,566,2,1,1,Lost
CUST101690,46,3,9404,4,3,4,Needs Attention
CUST101691,20,14,33544,5,5,5,Champions
CUST101693,8,16,21093,5,5,5,Champions
CUST101694,534,2,5115,1,2,3,Lost
CUST101695,306,1,446,2,1,1,Lost
CUST101698,387,1,2432,1,1,2,Lost
CUST101699,93,1,330,4,1,1,New / Recent
CUST101701,85,1,198,4,1,1,New / Recent
CUST101702,81,4,10176,4,4,4,Champions
CUST101703,142,1,127,3,1,1,Needs Attention
CUST101706,25,5,6968,5,4,4,Champions
CUST101707,131,3,4243,3,3,3,Needs Attention
CUST101709,35,4,11276,5,4,4,Champions
CUST101712,523,2,2530,1,2,2,Lost
CUST101713,477,3,2186,1,3,2,At Risk
CUST101714,86,3,2681,4,3,2,Needs Attention
CUST101715,148,4,6284,3,4,4,Loyal
CUST101716,75,8,10242,4,5,4,Champions
CUST101717,105,2,5392,3,2,3,Needs Attention
CUST101719,672,1,504,1,1,1,Lost
CUST101720,11,13,14990,5,5,5,Champions
CUST101721,365,2,9296,2,2,4,Lost
CUST101722,33,1,808,5,1,1,New / Recent
CUST101723,9,15,17610,5,5,5,Champions
CUST101724,473,1,256,1,1,1,Lost
CUST101725,52,16,31107,4,5,5,Champions
CUST101726,111,2,1595,3,2,2,Needs Attention
CUST101727,667,1,952,1,1,1,Lost
CUST101728,81,2,3042,4,2,2,New / Recent
CUST101729,15,2,4474,5,2,3,New / Recent
CUST101730,404,1,2328,1,1,2,Lost
CUST101731,8,17,26585,5,5,5,Champions
CUST101732,648,2,1041,1,2,1,Lost
CUST101733,39,2,3164,5,2,2,New / Recent
CUST101734,509,4,3861,1,4,3,Loyal
CUST101735,126,2,3853,3,2,3,Needs Attention
CUST101736,328,2,3658,2,2,3,Lost
CUST101737,185,1,6495,3,1,4,Needs Attention
CUST101738,306,1,4787,2,1,3,Lost
CUST101739,235,1,4493,2,1,3,Lost
CUST101740,284,7,29825,2,5,5,Loyal
CUST101741,521,1,1007,1,1,1,Lost
CUST101742,32,7,15221,5,5,5,Champions
CUST101743,14,5,11351,5,4,5,Champions
CUST101744,51,7,14275,4,5,5,Champions
CUST101746,288,2,5774,2,2,3,Lost
CUST101747,148,5,12397,3,4,5,Loyal
CUST101748,341,8,9016,2,5,4,Loyal
CUST101750,236,3,6571,2,3,4,At Risk
CUST101751,47,4,4830,4,4,3,Champions
CUST101752,342,1,4438,2,1,3,Lost
CUST101754,108,5,4297,3,4,3,Loyal
CUST101755,65,5,9184,4,4,4,Champions
CUST101757,316,1,327,2,1,1,Lost
CUST101758,118,1,670,3,1,1,Needs Attention
CUST101759,86,5,11390,4,4,5,Champions
CUST101760,69,11,27556,4,5,5,Champions
CUST101761,234,4,7351,2,4,4,Loyal
CUST101762,205,2,11600,3,2,5,Needs Attention
CUST101763,336,1,804,2,1,1,Lost
CUST101765,60,9,16122,4,5,5,Champions
CUST101766,85,13,29210,4,5,5,Champions
CUST101767,20,2,2389,5,2,2,New / Recent
CUST101768,2,24,47936,5,5,5,Champions
CUST101769,49,1,2524,4,1,2,New / Recent
CUST101770,91,1,2322,4,1,2,New / Recent
CUST101772,282,3,2851,2,3,2,At Risk
CUST101773,7,14,37833,5,5,5,Champions
CUST101774,226,1,2657,2,1,2,Lost
CUST101777,34,6,17945,5,5,5,Champions
CUST101778,92,4,13160,4,4,5,Champions
CUST101780,109,1,1273,3,1,1,Needs Attention
CUST101781,617,1,1129,1,1,1,Lost
CUST101782,58,8,14429,4,5,5,Champions
CUST101783,219,2,1064,2,2,1,Lost
CUST101784,710,1,620,1,1,1,Lost
CUST101785,3,11,20618,5,5,5,Champions
CUST101786,256,4,10903,2,4,4,Loyal
CUST101787,385,4,6106,1,4,4,Loyal
CUST101788,288,4,16616,2,4,5,Loyal
CUST101789,568,1,9510,1,1,4,Lost
CUST101790,101,5,11057,3,4,4,Loyal
CUST101791,432,1,1944,1,1,2,Lost
CUST101794,89,4,4832,4,4,3,Champions
CUST101796,15,12,12604,5,5,5,Champions
CUST101797,487,1,1981,1,1,2,Lost
CUST101798,187,8,21744,3,5,5,Loyal
CUST101799,626,1,865,1,1,1,Lost
CUST101801,178,5,11829,3,4,5,Loyal
CUST101802,3,11,10419,5,5,4,Champions
CUST101803,58,1,168,4,1,1,New / Recent
CUST101804,347,2,4469,2,2,3,Lost
CUST101807,448,1,442,1,1,1,Lost
CUST101808,46,2,4981,4,2,3,New / Recent
CUST101810,90,2,1454,4,2,1,New / Recent
CUST101811,6,6,4558,5,5,3,Champions
CUST101812,505,1,256,1,1,1,Lost
CUST101814,385,2,2599,1,2,2,Lost
CUST101815,159,2,6180,3,2,4,Needs Attention
CUST101816,103,9,22674,3,5,5,Loyal
CUST101817,5,2,4106,5,2,3,New / Recent
CUST101818,169,3,9250,3,3,4,Needs Attention
CUST101819,599,1,370,1,1,1,Lost
CUST101820,382,4,8721,1,4,4,Loyal
CUST101821,366,1,2375,2,1,2,Lost
CUST101823,51,2,1348,4,2,1,New / Recent
CUST101824,274,1,2412,2,1,2,Lost
CUST101825,602,1,959,1,1,1,Lost
CUST101826,232,1,176,2,1,1,Lost
CUST101827,6,11,18562,5,5,5,Champions
CUST101828,140,3,8800,3,3,4,Needs Attention
CUST101829,449,1,756,1,1,1,Lost
CUST101830,114,8,9700,3,5,4,Loyal
CUST101831,98,3,6057,4,3,4,Needs Attention
CUST101832,117,8,16976,3,5,5,Loyal
CUST101833,10,4,6060,5,4,4,Champions
CUST101834,706,1,567,1,1,1,Lost
CUST101835,87,5,3396,4,4,3,Champions
CUST101837,1,1,725,5,1,1,New / Recent
CUST101838,89,3,6220,4,3,4,Needs Attention
CUST101839,136,3,1904,3,3,2,Needs Attention
CUST101840,88,5,10262,4,4,4,Champions
CUST101841,7,2,1802,5,2,2,New / Recent
CUST101842,41,13,23801,5,5,5,Champions
CUST101843,323,1,8775,2,1,4,Lost
CUST101846,11,9,17148,5,5,5,Champions
CUST101847,414,1,978,1,1,1,Lost
CUST101848,116,3,3950,3,3,3,Needs Attention
CUST101849,115,1,1086,3,1,1,Needs Attention
CUST101851,138,1,3866,3,1,3,Needs Attention
CUST101852,27,4,5920,5,4,3,Champions
CUST101853,84,3,3957,4,3,3,Needs Attention
CUST101854,81,4,3807,4,4,3,Champions
CUST101855,135,6,8636,3,5,4,Loyal
CUST101856,283,1,6093,2,1,4,Lost
CUST101858,128,1,4855,3,1,3,Needs Attention
CUST101859,53,17,49163,4,5,5,Champions
CUST101860,59,8,11943,4,5,5,Champions
CUST101861,323,8,31714,2,5,5,Loyal
CUST101863,287,2,1076,2,2,1,Lost
CUST101864,7,2,2644,5,2,2,New / Recent
CUST101865,13,2,4065,5,2,3,New / Recent
CUST101866,118,1,986,3,1,1,Needs Attention
CUST101867,99,7,23131,4,5,5,Champions
CUST101868,45,3,4754,5,3,3,Needs Attention
CUST101869,546,1,1039,1,1,1,Lost
CUST101870,634,1,4860,1,1,3,Lost
CUST101871,280,2,1522,2,2,2,Lost
CUST101872,212,1,484,2,1,1,Lost
CUST101873,370,2,2199,2,2,2,Lost
CUST101874,343,3,3954,2,3,3,At Risk
CUST101875,143,1,445,3,1,1,Needs Attention
CUST101877,709,1,348,1,1,1,Lost
CUST101878,183,2,6919,3,2,4,Needs Attention
CUST101879,474,1,1520,1,1,2,Lost
CUST101881,62,2,5750,4,2,3,New / Recent
CUST101882,30,6,15220,5,5,5,Champions
CUST101884,94,5,7172,4,4,4,Champions
CUST101885,138,8,12510,3,5,5,Loyal
CUST101886,529,1,16050,1,1,5,Lost
CUST101887,222,1,2024,2,1,2,Lost
CUST101888,17,11,16128,5,5,5,Champions
CUST101889,604,1,1861,1,1,2,Lost
CUST101891,380,2,12753,1,2,5,Lost
CUST101892,306,1,1070,2,1,1,Lost
CUST101893,483,3,4078,1,3,3,At Risk
CUST101895,246,3,6165,2,3,4,At Risk
CUST101896,469,1,1815,1,1,2,Lost
CUST101898,627,1,2136,1,1,2,Lost
CUST101899,431,2,7476,1,2,4,Lost
CUST101900,622,1,1798,1,1,2,Lost
CUST101901,442,1,2260,1,1,2,Lost
CUST101902,27,3,9553,5,3,4,Needs Attention
CUST101904,10,7,15517,5,5,5,Champions
CUST101905,346,1,1619,2,1,2,Lost
CUST101906,103,3,3442,3,3,3,Needs Attention
CUST101907,7,5,6037,5,4,4,Champions
CUST101908,142,3,4757,3,3,3,Needs Attention
CUST101909,35,5,10242,5,4,4,Champions
CUST101911,19,2,6385,5,2,4,New / Recent
CUST101912,379,2,6827,1,2,4,Lost
CUST101913,42,3,7653,5,3,4,Needs Attention
CUST101914,170,2,2187,3,2,2,Needs Attention
CUST101915,262,5,7601,2,4,4,Loyal
CUST101916,10,5,9290,5,4,4,Champions
CUST101917,446,1,411,1,1,1,Lost
CUST101918,646,1,1918,1,1,2,Lost
CUST101919,57,4,8603,4,4,4,Champions
CUST101921,365,1,837,2,1,1,Lost
CUST101922,290,1,4910,2,1,3,Lost
CUST101924,29,8,32464,5,5,5,Champions
CUST101925,141,4,3747,3,4,3,Loyal
CUST101926,77,9,13603,4,5,5,Champions
CUST101927,240,2,7030,2,2,4,Lost
CUST101928,596,2,3384,1,2,3,Lost
CUST101930,36,6,8627,5,5,4,Champions
CUST101931,6,17,37652,5,5,5,Champions
CUST101932,80,5,9239,4,4,4,Champions
CUST101933,220,2,1699,2,2,2,Lost
CUST101934,327,2,1377,2,2,1,Lost
CUST101935,541,1,2764,1,1,2,Lost
CUST101936,554,1,1203,1,1,1,Lost
CUST101937,31,5,12017,5,4,5,Champions
CUST101938,175,8,5911,3,5,3,Loyal
CUST101939,4,3,1742,5,3,2,Needs Attention
CUST101940,580,1,902,1,1,1,Lost
CUST101941,43,13,38289,5,5,5,Champions
CUST101942,185,1,425,3,1,1,Needs Attention
CUST101944,254,4,8310,2,4,4,Loyal
CUST101947,89,3,4899,4,3,3,Needs Attention
CUST101948,2,10,14699,5,5,5,Champions
CUST101949,63,4,6464,4,4,4,Champions
CUST101950,109,5,6924,3,4,4,Loyal
CUST101951,61,6,8214,4,5,4,Champions
CUST101952,602,1,2022,1,1,2,Lost
CUST101953,284,1,375,2,1,1,Lost
CUST101955,166,1,602,3,1,1,Needs Attention
CUST101956,143,1,639,3,1,1,Needs Attention
CUST101957,341,1,246,2,1,1,Lost
CUST101959,701,2,3682,1,2,3,Lost
CUST101960,546,1,487,1,1,1,Lost
CUST101961,236,4,12894,2,4,5,Loyal
CUST101962,90,3,3596,4,3,3,Needs Attention
CUST101963,371,1,1950,2,1,2,Lost
CUST101964,339,5,9910,2,4,4,Loyal
CUST101965,105,3,2772,3,3,2,Needs Attention
CUST101966,238,7,8475,2,5,4,Loyal
CUST101967,328,3,4734,2,3,3,At Risk
CUST101968,453,1,8334,1,1,4,Lost
CUST101970,604,1,3271,1,1,3,Lost
CUST101971,284,1,234,2,1,1,Lost
CUST101972,216,2,7232,2,2,4,Lost
CUST101973,1,2,833,5,2,1,New / Recent
CUST101974,688,1,1504,1,1,2,Lost
CUST101975,561,1,2192,1,1,2,Lost
CUST101976,446,2,3475,1,2,3,Lost
CUST101977,449,3,5700,1,3,3,At Risk
CUST101978,118,1,3058,3,1,2,Needs Attention
CUST101983,2,8,18841,5,5,5,Champions
CUST101984,101,1,4284,3,1,3,Needs Attention
CUST101985,11,2,819,5,2,1,New / Recent
CUST101988,62,6,11521,4,5,5,Champions
CUST101989,145,3,4368,3,3,3,Needs Attention
CUST101990,640,1,1203,1,1,1,Lost
CUST101991,37,1,2226,5,1,2,New / Recent
CUST101993,86,1,162,4,1,1,New / Recent
CUST101994,370,2,1224,2,2,1,Lost
CUST101995,3,6,15680,5,5,5,Champions
CUST101996,181,1,3432,3,1,3,Needs Attention
CUST101997,373,3,5958,2,3,3,At Risk
CUST101998,90,8,15373,4,5,5,Champions
CUST101999,246,1,1112,2,1,1,Lost
CUST102000,413,2,3232,1,2,3,Lost
CUST102002,446,2,1673,1,2,2,Lost
CUST102003,197,1,4939,3,1,3,Needs Attention
CUST102004,288,2,1086,2,2,1,Lost
CUST102006,17,3,5960,5,3,3,Needs Attention
CUST102007,127,2,1675,3,2,2,Needs Attention
CUST102009,58,4,12586,4,4,5,Champions
CUST102011,599,3,10887,1,3,4,At Risk
CUST102012,651,1,3000,1,1,2,Lost
CUST102013,79,3,3175,4,3,2,Needs Attention
CUST102014,169,2,5049,3,2,3,Needs Attention
CUST102015,3,2,3238,5,2,3,New / Recent
CUST102016,32,6,11409,5,5,5,Champions
CUST102017,1,2,2923,5,2,2,New / Recent
CUST102018,385,2,1074,1,2,1,Lost
CUST102019,142,5,8753,3,4,4,Loyal
CUST102020,453,1,460,1,1,1,Lost
CUST102021,550,1,648,1,1,1,Lost
CUST102022,9,2,2142,5,2,2,New / Recent
CUST102023,173,1,801,3,1,1,Needs Attention
CUST102024,76,3,2792,4,3,2,Needs Attention
CUST102025,140,2,2431,3,2,2,Needs Attention
CUST102026,275,4,5465,2,4,3,Loyal
CUST102027,43,4,11422,5,4,5,Champions
CUST102028,608,1,3791,1,1,3,Lost
CUST102032,423,2,2679,1,2,2,Lost
CUST102035,134,2,2774,3,2,2,Needs Attention
CUST102036,244,5,6300,2,4,4,Loyal
CUST102037,139,3,14482,3,3,5,Needs Attention
CUST102038,86,3,2772,4,3,2,Needs Attention
CUST102040,236,1,387,2,1,1,Lost
CUST102041,9,2,1730,5,2,2,New / Recent
CUST102042,8,10,8424,5,5,4,Champions
CUST102043,20,5,6587,5,4,4,Champions
CUST102044,108,3,13864,3,3,5,Needs Attention
CUST102045,146,3,2837,3,3,2,Needs Attention
CUST102046,252,2,2059,2,3,2,At Risk
CUST102047,60,1,819,4,1,1,New / Recent
CUST102048,173,2,2661,3,3,2,Needs Attention
CUST102049,526,1,669,1,1,1,Lost
CUST102050,467,2,5676,1,3,3,At Risk
CUST102051,9,9,19140,5,5,5,Champions
CUST102052,444,4,8313,1,4,4,Loyal
CUST102053,231,2,1813,2,3,2,At Risk
CUST102054,120,5,16000,3,4,5,Loyal
CUST102055,12,5,19303,5,4,5,Champions
CUST102056,444,1,515,1,1,1,Lost
CUST102057,269,3,3676,2,3,3,At Risk
CUST102058,383,1,2926,1,1,2,Lost
CUST102059,203,3,2908,3,3,2,Needs Attention
CUST102060,35,5,10264,5,4,4,Champions
CUST102061,396,1,1916,1,1,2,Lost
CUST102062,68,4,4751,4,4,3,Champions
CUST102063,356,1,442,2,1,1,Lost
CUST102064,159,8,12547,3,5,5,Loyal
CUST102065,25,4,13513,5,4,5,Champions
CUST102066,35,4,6636,5,4,4,Champions
CUST102067,7,2,5690,5,3,3,Needs Attention
CUST102068,267,2,1774,2,3,2,At Risk
CUST102069,610,1,1713,1,1,2,Lost
CUST102070,347,1,189,2,1,1,Lost
CUST102071,48,4,27478,4,4,5,Champions
CUST102072,144,1,552,3,1,1,Needs Attention
CUST102073,55,3,10491,4,3,4,Needs Attention
CUST102074,496,2,4946,1,3,3,At Risk
CUST102075,39,2,2303,5,3,2,Needs Attention
CUST102076,335,1,2376,2,1,2,Lost
CUST102077,23,2,5281,5,3,3,Needs Attention
CUST102078,87,4,6318,4,4,4,Champions
CUST102079,347,1,778,2,1,1,Lost
CUST102080,41,3,3691,5,3,3,Needs Attention
CUST102081,460,3,17796,1,3,5,At Risk
CUST102082,567,1,1224,1,1,1,Lost
CUST102083,6,16,31020,5,5,5,Champions
CUST102084,116,6,9362,3,5,4,Loyal
CUST102086,183,2,3456,3,3,3,Needs Attention
CUST102087,103,9,12495,3,5,5,Loyal
CUST102088,419,1,198,1,1,1,Lost
CUST102089,362,2,4198,2,3,3,At Risk
CUST102090,222,5,9040,2,4,4,Loyal
CUST102091,30,1,258,5,1,1,New / Recent
CUST102092,363,5,13545,2,4,5,Loyal
CUST102093,282,7,12119,2,5,5,Loyal
CUST102094,21,4,8999,5,4,4,Champions
CUST102095,5,12,31275,5,5,5,Champions
CUST102096,496,1,1827,1,1,2,Lost
CUST102097,446,1,1309,1,1,1,Lost
CUST102098,309,1,931,2,1,1,Lost
CUST102099,51,17,39080,4,5,5,Champions
CUST102100,127,7,7991,3,5,4,Loyal
CUST102101,123,3,3777,3,3,3,Needs Attention
CUST102103,377,1,403,1,1,1,Lost
CUST102105,310,3,5974,2,3,4,At Risk
CUST102106,40,11,27040,5,5,5,Champions
CUST102107,346,1,925,2,1,1,Lost
CUST102108,34,3,3735,5,3,3,Needs Attention
CUST102109,399,2,6650,1,3,4,At Risk
CUST102111,243,3,17910,2,3,5,At Risk
CUST102112,398,1,737,1,1,1,Lost
CUST102114,117,3,2331,3,3,2,Needs Attention
CUST102115,24,1,688,5,1,1,New / Recent
CUST102116,289,1,676,2,1,1,Lost
CUST102117,113,4,8550,3,4,4,Loyal
CUST102118,285,1,3212,2,1,3,Lost
CUST102119,63,2,3779,4,3,3,Needs Attention
CUST102121,92,5,6950,4,4,4,Champions
CUST102122,220,3,2438,2,3,2,At Risk
CUST102123,11,2,4190,5,3,3,Needs Attention
CUST102126,138,5,36275,3,4,5,Loyal
CUST102127,2,3,4015,5,3,3,Needs Attention
CUST102128,429,1,4512,1,1,3,Lost
CUST102129,7,4,6288,5,4,4,Champions
CUST102130,285,2,4131,2,3,3,At Risk
CUST102131,197,2,5158,3,3,3,Needs Attention
CUST102133,369,8,6802,2,5,4,Loyal
CUST102135,46,9,9064,4,5,4,Champions
CUST102136,470,2,2918,1,3,2,At Risk
CUST102138,133,3,6732,3,3,4,Needs Attention
CUST102139,183,2,885,3,3,1,Needs Attention
CUST102140,18,16,20518,5,5,5,Champions
CUST102142,42,5,8600,5,4,4,Champions
CUST102143,60,9,10977,4,5,4,Champions
CUST102146,56,2,1526,4,3,2,Needs Attention
CUST102147,190,1,2018,3,1,2,Needs Attention
CUST102148,117,1,1673,3,1,2,Needs Attention
CUST102149,91,5,10064,4,4,4,Champions
CUST102150,236,2,4327,2,3,3,At Risk
CUST102151,142,7,7617,3,5,4,Loyal
CUST102152,21,4,2308,5,4,2,Champions
CUST102153,16,4,6985,5,4,4,Champions
CUST102154,55,7,13103,4,5,5,Champions
CUST102155,7,6,7574,5,5,4,Champions
CUST102156,375,1,552,1,1,1,Lost
CUST102157,621,1,1490,1,1,1,Lost
CUST102159,58,2,10077,4,3,4,Needs Attention
CUST102160,219,3,6384,2,3,4,At Risk
CUST102162,146,2,1527,3,3,2,Needs Attention
CUST102164,53,6,11503,4,5,5,Champions
CUST102165,246,4,11283,2,4,5,Loyal
CUST102166,238,4,12729,2,4,5,Loyal
CUST102167,493,1,1972,1,1,2,Lost
CUST102168,282,1,1064,2,1,1,Lost
CUST102169,564,3,13341,1,3,5,At Risk
CUST102171,104,6,5489,3,5,3,Loyal
CUST102172,39,10,34374,5,5,5,Champions
CUST102173,267,1,2684,2,1,2,Lost
CUST102174,346,2,954,2,3,1,At Risk
CUST102175,50,5,3559,4,4,3,Champions
CUST102176,41,7,3019,5,5,2,Champions
CUST102178,147,1,585,3,1,1,Needs Attention
CUST102179,325,1,1760,2,1,2,Lost
CUST102180,196,4,5342,3,4,3,Loyal
CUST102181,317,1,2754,2,1,2,Lost
CUST102183,647,1,1540,1,1,2,Lost
CUST102184,380,4,5131,1,4,3,Loyal
CUST102185,93,3,5861,4,3,3,Needs Attention
CUST102186,72,2,10272,4,3,4,Needs Attention
CUST102187,120,2,8773,3,3,4,Needs Attention
CUST102188,1,4,4898,5,4,3,Champions
CUST102189,86,3,6459,4,3,4,Needs Attention
CUST102190,415,1,1038,1,1,1,Lost
CUST102191,68,6,4750,4,5,3,Champions
CUST102192,23,5,6644,5,4,4,Champions
CUST102193,652,1,1890,1,1,2,Lost
CUST102194,26,8,10337,5,5,4,Champions
CUST102195,113,2,3299,3,3,3,Needs Attention
CUST102196,649,1,3455,1,1,3,Lost
CUST102197,169,3,5551,3,3,3,Needs Attention
CUST102198,234,5,4452,2,4,3,Loyal
CUST102199,237,2,2169,2,3,2,At Risk
CUST102200,490,1,5472,1,1,3,Lost
CUST102201,299,9,8310,2,5,4,Loyal
CUST102202,329,6,32661,2,5,5,Loyal
CUST102203,210,1,2381,2,1,2,Lost
CUST102204,481,2,2952,1,3,2,At Risk
CUST102205,232,9,6646,2,5,4,Loyal
CUST102206,181,1,946,3,1,1,Needs Attention
CUST102207,4,21,40011,5,5,5,Champions
CUST102209,37,15,23685,5,5,5,Champions
CUST102211,90,11,25451,4,5,5,Champions
CUST102212,141,3,3362,3,3,3,Needs Attention
CUST102214,34,8,26777,5,5,5,Champions
CUST102215,98,4,5723,4,4,3,Champions
CUST102216,153,5,11125,3,4,4,Loyal
CUST102217,103,6,5363,3,5,3,Loyal
CUST102218,72,3,2582,4,3,2,Needs Attention
CUST102219,92,9,17591,4,5,5,Champions
CUST102220,672,1,1716,1,1,2,Lost
CUST102221,73,6,3489,4,5,3,Champions
CUST102223,126,1,1637,3,1,2,Needs Attention
CUST102224,34,1,1959,5,1,2,New / Recent
CUST102225,59,4,2070,4,4,2,Champions
CUST102226,414,1,364,1,1,1,Lost
CUST102227,42,4,11986,5,4,5,Champions
CUST102228,509,1,638,1,1,1,Lost
CUST102229,186,9,12366,3,5,5,Loyal
CUST102230,97,4,17482,4,4,5,Champions
CUST102231,646,1,590,1,1,1,Lost
CUST102232,426,1,1868,1,1,2,Lost
CUST102234,115,10,13139,3,5,5,Loyal
CUST102236,65,5,6326,4,4,4,Champions
CUST102237,57,6,14794,4,5,5,Champions
CUST102240,184,2,1185,3,3,1,Needs Attention
CUST102241,264,2,5313,2,3,3,At Risk
CUST102242,623,1,1058,1,1,1,Lost
CUST102243,7,9,21421,5,5,5,Champions
CUST102244,54,1,1113,4,1,1,New / Recent
CUST102245,482,2,486,1,3,1,At Risk
CUST102246,140,3,2400,3,3,2,Needs Attention
CUST102247,137,2,1539,3,3,2,Needs Attention
CUST102249,9,2,5277,5,3,3,Needs Attention
CUST102250,295,1,2483,2,1,2,Lost
CUST102251,8,5,14787,5,4,5,Champions
CUST102252,211,2,4986,2,3,3,At Risk
CUST102253,723,1,4246,1,1,3,Lost
CUST102255,443,2,953,1,3,1,At Risk
CUST102257,492,1,366,1,1,1,Lost
CUST102258,705,1,1835,1,1,2,Lost
CUST102259,322,1,3917,2,1,3,Lost
CUST102260,236,1,665,2,1,1,Lost
CUST102261,91,2,1325,4,3,1,Needs Attention
CUST102263,325,3,21150,2,3,5,At Risk
CUST102264,234,3,1354,2,3,1,At Risk
CUST102265,19,7,15350,5,5,5,Champions
CUST102266,235,3,2294,2,3,2,At Risk
CUST102267,10,9,8354,5,5,4,Champions
CUST102268,340,1,760,2,1,1,Lost
CUST102269,459,1,672,1,1,1,Lost
CUST102270,200,6,8539,3,5,4,Loyal
CUST102271,663,1,5980,1,2,4,Lost
CUST102272,584,1,628,1,2,1,Lost
CUST102273,186,4,10405,3,4,4,Loyal
CUST102274,85,9,9327,4,5,4,Champions
CUST102275,13,5,9633,5,4,4,Champions
CUST102276,71,6,18063,4,5,5,Champions
CUST102278,60,6,6355,4,5,4,Champions
CUST102279,24,3,4357,5,3,3,Needs Attention
CUST102280,12,2,500,5,3,1,Needs Attention
CUST102281,41,4,13522,5,4,5,Champions
CUST102282,13,8,32318,5,5,5,Champions
CUST102283,445,3,2726,1,3,2,At Risk
CUST102284,59,6,5296,4,5,3,Champions
CUST102287,85,5,8117,4,4,4,Champions
CUST102288,310,1,1789,2,2,2,Lost
CUST102290,10,2,570,5,3,1,Needs Attention
CUST102291,505,3,7566,1,3,4,At Risk
CUST102292,8,5,13435,5,4,5,Champions
CUST102293,15,4,2635,5,4,2,Champions
CUST102294,245,4,6301,2,4,4,Loyal
CUST102296,250,3,7658,2,3,4,At Risk
CUST102298,36,6,3838,5,5,3,Champions
CUST102299,565,1,861,1,2,1,Lost
CUST102300,364,2,6985,2,3,4,At Risk
CUST102303,15,2,3407,5,3,3,Needs Attention
CUST102304,619,1,1251,1,2,1,Lost
CUST102305,559,3,3519,1,3,3,At Risk
CUST102306,142,2,2478,3,3,2,Needs Attention
CUST102307,59,3,4896,4,3,3,Needs Attention
CUST102308,485,2,2544,1,3,2,At Risk
CUST102309,114,9,13563,3,5,5,Loyal
CUST102310,51,7,9051,4,5,4,Champions
CUST102312,62,1,550,4,2,1,New / Recent
CUST102313,5,1,409,5,2,1,New / Recent
CUST102314,29,5,11626,5,4,5,Champions
CUST102316,106,1,1548,3,2,2,Needs Attention
CUST102317,70,4,6414,4,4,4,Champions
CUST102318,8,9,11995,5,5,5,Champions
CUST102319,3,2,5945,5,3,3,Needs Attention
CUST102320,2,2,1938,5,3,2,Needs Attention
CUST102321,532,2,7107,1,3,4,At Risk
CUST102323,123,3,7744,3,3,4,Needs Attention
CUST102324,279,5,6536,2,4,4,Loyal
CUST102325,527,1,6174,1,2,4,Lost
CUST102327,182,3,7320,3,3,4,Needs Attention
CUST102328,61,2,989,4,3,1,Needs Attention
CUST102329,32,2,6269,5,3,4,Needs Attention
CUST102330,682,2,5349,1,3,3,At Risk
CUST102331,132,1,754,3,2,1,Needs Attention
CUST102332,85,2,4058,4,3,3,Needs Attention
CUST102333,82,21,47849,4,5,5,Champions
CUST102334,141,10,21646,3,5,5,Loyal
CUST102335,48,3,2588,4,3,2,Needs Attention
CUST102336,143,2,1871,3,3,2,Needs Attention
CUST102338,3,7,5480,5,5,3,Champions
CUST102339,176,6,10629,3,5,4,Loyal
CUST102340,39,1,818,5,2,1,New / Recent
CUST102341,29,2,2580,5,3,2,Needs Attention
CUST102343,9,4,5731,5,4,3,Champions
CUST102344,41,3,21108,5,3,5,Needs Attention
CUST102345,135,3,5950,3,3,3,Needs Attention
CUST102346,292,3,3295,2,3,3,At Risk
CUST102347,12,9,13710,5,5,5,Champions
CUST102348,142,3,10271,3,3,4,Needs Attention
CUST102349,84,4,1830,4,4,2,Champions
CUST102350,138,1,2818,3,2,2,Needs Attention
CUST102351,458,1,680,1,2,1,Lost
CUST102352,86,2,4428,4,3,3,Needs Attention
CUST102353,65,7,27232,4,5,5,Champions
CUST102354,2,13,36340,5,5,5,Champions
CUST102355,1,3,7373,5,3,4,Needs Attention
CUST102358,273,6,8042,2,5,4,Loyal
CUST102360,139,13,32053,3,5,5,Loyal
CUST102362,11,12,19483,5,5,5,Champions
CUST102363,35,8,7931,5,5,4,Champions
CUST102364,130,1,2223,3,2,2,Needs Attention
CUST102365,176,2,6603,3,3,4,Needs Attention
CUST102366,122,9,11844,3,5,5,Loyal
CUST102367,61,4,5571,4,4,3,Champions
CUST102368,2,4,6193,5,4,4,Champions
CUST102369,55,4,4141,4,4,3,Champions
CUST102370,322,6,31081,2,5,5,Loyal
CUST102371,197,3,3916,3,3,3,Needs Attention
CUST102373,48,2,3905,4,3,3,Needs Attention
CUST102374,346,2,1345,2,3,1,At Risk
CUST102376,160,1,940,3,2,1,Needs Attention
CUST102377,9,3,5696,5,3,3,Needs Attention
CUST102379,418,2,4172,1,3,3,At Risk
CUST102380,61,1,163,4,2,1,New / Recent
CUST102381,60,12,23653,4,5,5,Champions
CUST102382,90,2,5320,4,3,3,Needs Attention
CUST102383,68,3,2948,4,3,2,Needs Attention
CUST102384,505,1,445,1,2,1,Lost
CUST102385,428,1,545,1,2,1,Lost
CUST102386,167,4,6246,3,4,4,Loyal
CUST102387,217,1,4616,2,2,3,Lost
CUST102388,599,1,1825,1,2,2,Lost
CUST102390,390,4,4226,1,4,3,Loyal
CUST102391,37,7,15362,5,5,5,Champions
CUST102392,49,8,11049,4,5,4,Champions
CUST102393,139,12,29993,3,5,5,Loyal
CUST102394,67,9,8053,4,5,4,Champions
CUST102396,147,1,3219,3,2,3,Needs Attention
CUST102398,135,4,8679,3,4,4,Loyal
CUST102400,309,2,8536,2,3,4,At Risk
CUST102401,251,2,2596,2,3,2,At Risk
CUST102402,132,3,3184,3,3,2,Needs Attention
CUST102404,61,2,484,4,3,1,Needs Attention
CUST102405,54,3,8286,4,3,4,Needs Attention
CUST102406,371,3,4025,2,3,3,At Risk
CUST102407,448,2,11404,1,3,5,At Risk
CUST102408,136,2,2160,3,3,2,Needs Attention
CUST102410,55,8,10075,4,5,4,Champions
CUST102411,269,1,9312,2,2,4,Lost
CUST102417,284,2,17545,2,3,5,At Risk
CUST102418,135,1,442,3,2,1,Needs Attention
CUST102419,542,2,13818,1,3,5,At Risk
CUST102420,40,15,26544,5,5,5,Champions
CUST102422,346,3,8762,2,3,4,At Risk
CUST102423,378,4,5543,1,4,3,Loyal
CUST102424,68,1,326,4,2,1,New / Recent
CUST102425,416,2,6006,1,3,4,At Risk
CUST102426,354,2,6483,2,3,4,At Risk
CUST102428,9,8,13600,5,5,5,Champions
CUST102429,651,1,518,1,2,1,Lost
CUST102430,666,1,284,1,2,1,Lost
CUST102431,11,5,4900,5,4,3,Champions
CUST102432,144,7,14600,3,5,5,Loyal
CUST102433,517,2,3538,1,3,3,At Risk
CUST102434,86,7,12628,4,5,5,Champions
CUST102436,4,3,5300,5,3,3,Needs Attention
CUST102437,259,4,4051,2,4,3,Loyal
CUST102438,378,1,1011,1,2,1,Lost
CUST102439,16,27,37109,5,5,5,Champions
CUST102440,286,1,2066,2,2,2,Lost
CUST102442,649,1,460,1,2,1,Lost
CUST102443,91,2,719,4,3,1,Needs Attention
CUST102444,340,6,9780,2,5,4,Loyal
CUST102445,186,3,10250,3,3,4,Needs Attention
CUST102447,24,13,32338,5,5,5,Champions
CUST102448,26,7,10076,5,5,4,Champions
CUST102450,35,2,1840,5,3,2,Needs Attention
CUST102451,139,4,8131,3,4,4,Loyal
CUST102452,4,3,4761,5,3,3,Needs Attention
CUST102453,81,2,984,4,3,1,Needs Attention
CUST102454,43,5,21006,5,4,5,Champions
CUST102456,706,1,580,1,2,1,Lost
CUST102457,254,5,14090,2,4,5,Loyal
CUST102459,10,3,2466,5,3,2,Needs Attention
CUST102460,314,1,1609,2,2,2,Lost
CUST102462,89,2,3709,4,3,3,Needs Attention
CUST102463,393,2,8793,1,3,4,At Risk
CUST102464,215,1,4174,2,2,3,Lost
CUST102465,10,1,2897,5,2,2,New / Recent
CUST102466,73,1,588,4,2,1,New / Recent
CUST102467,162,3,2174,3,3,2,Needs Attention
CUST102468,300,3,9702,2,3,4,At Risk
CUST102469,256,3,4368,2,3,3,At Risk
CUST102470,59,7,10429,4,5,4,Champions
CUST102471,5,3,2693,5,3,2,Needs Attention
CUST102473,706,1,3038,1,2,2,Lost
CUST102474,58,1,1241,4,2,1,New / Recent
CUST102475,215,1,7446,2,2,4,Lost
CUST102477,124,2,2835,3,3,2,Needs Attention
CUST102478,20,20,48325,5,5,5,Champions
CUST102480,85,1,732,4,2,1,New / Recent
CUST102482,94,7,16302,4,5,5,Champions
CUST102483,105,3,11100,3,3,4,Needs Attention
CUST102484,84,4,3459,4,4,3,Champions
CUST102485,84,6,17467,4,5,5,Champions
CUST102487,413,2,677,1,3,1,At Risk
CUST102488,82,11,16444,4,5,5,Champions
CUST102489,326,2,5846,2,3,3,At Risk
CUST102491,146,4,25072,3,4,5,Loyal
CUST102492,105,3,11476,3,3,5,Needs Attention
CUST102493,109,4,3197,3,4,2,Loyal
CUST102494,226,2,1298,2,3,1,At Risk
CUST102496,316,3,4062,2,3,3,At Risk
CUST102497,27,3,1917,5,3,2,Needs Attention
CUST102498,296,3,6389,2,3,4,At Risk
CUST102499,59,4,4215,4,4,3,Champions
CUST102500,28,7,14197,5,5,5,Champions
CUST102501,19,7,10714,5,5,4,Champions
CUST102502,8,1,269,5,2,1,New / Recent
CUST102503,91,14,21383,4,5,5,Champions
CUST102504,142,11,22652,3,5,5,Loyal
CUST102505,27,9,14547,5,5,5,Champions
CUST102506,422,2,1294,1,3,1,At Risk
CUST102507,53,2,1711,4,3,2,Needs Attention
CUST102508,122,5,12077,3,4,5,Loyal
CUST102509,99,3,2202,4,3,2,Needs Attention
CUST102510,6,21,40275,5,5,5,Champions
CUST102511,37,1,880,5,2,1,New / Recent
CUST102512,91,8,11293,4,5,5,Champions
CUST102513,112,4,3441,3,4,3,Loyal
CUST102515,17,5,7205,5,4,4,Champions
CUST102516,95,1,4973,4,2,3,New / Recent
CUST102517,85,7,21706,4,5,5,Champions
CUST102518,343,2,2117,2,3,2,At Risk
CUST102520,84,13,14291,4,5,5,Champions
CUST102521,147,3,1909,3,3,2,Needs Attention
CUST102522,127,12,18427,3,5,5,Loyal
CUST102523,14,4,5201,5,4,3,Champions
CUST102524,631,1,846,1,2,1,Lost
CUST102525,5,2,500,5,3,1,Needs Attention
CUST102527,598,1,490,1,2,1,Lost
CUST102528,411,1,1768,1,2,2,Lost
CUST102529,150,4,4578,3,4,3,Loyal
CUST102530,176,1,2173,3,2,2,Needs Attention
CUST102531,172,3,4049,3,3,3,Needs Attention
CUST102532,496,1,2296,1,2,2,Lost
CUST102533,143,3,5614,3,3,3,Needs Attention
CUST102534,48,11,21556,4,5,5,Champions
CUST102537,255,1,2519,2,2,2,Lost
CUST102539,140,1,3082,3,2,2,Needs Attention
CUST102540,47,3,5051,4,3,3,Needs Attention
CUST102541,40,5,7117,5,4,4,Champions
CUST102542,2,5,3211,5,4,3,Champions
CUST102543,647,1,480,1,2,1,Lost
CUST102544,52,9,10784,4,5,4,Champions
CUST102545,103,6,9748,3,5,4,Loyal
CUST102546,207,2,8256,3,3,4,Needs Attention
CUST102547,87,6,7899,4,5,4,Champions
CUST102548,6,4,8102,5,4,4,Champions
CUST102549,42,4,13855,5,4,5,Champions
CUST102550,149,1,3567,3,2,3,Needs Attention
CUST102551,41,4,13956,5,4,5,Champions
CUST102552,155,4,8912,3,4,4,Loyal
CUST102553,112,2,1911,3,3,2,Needs Attention
CUST102554,18,3,1398,5,3,1,Needs Attention
CUST102556,254,1,2323,2,2,2,Lost
CUST102557,109,2,1435,3,3,1,Needs Attention
CUST102558,229,6,18481,2,5,5,Loyal
CUST102559,239,2,5900,2,3,3,At Risk
CUST102560,5,1,224,5,2,1,New / Recent
CUST102561,111,7,7769,3,5,4,Loyal
CUST102562,144,1,385,3,2,1,Needs Attention
CUST102563,227,8,11727,2,5,5,Loyal
CUST102564,13,7,10769,5,5,4,Champions
CUST102565,9,13,25978,5,5,5,Champions
CUST102566,433,1,170,1,2,1,Lost
CUST102569,41,3,4453,5,3,3,Needs Attention
CUST102571,165,1,2401,3,2,2,Needs Attention
CUST102573,283,1,152,2,2,1,Lost
CUST102576,409,2,1675,1,3,2,At Risk
CUST102578,38,5,12296,5,4,5,Champions
CUST102579,73,7,17424,4,5,5,Champions
CUST102580,254,2,825,2,3,1,At Risk
CUST102581,82,10,20153,4,5,5,Champions
CUST102582,450,2,3696,1,3,3,At Risk
CUST102583,59,11,25197,4,5,5,Champions
CUST102584,274,1,568,2,2,1,Lost
CUST102586,97,3,3791,4,3,3,Needs Attention
CUST102587,155,12,12323,3,5,5,Loyal
CUST102588,236,1,195,2,2,1,Lost
CUST102589,104,2,3244,3,3,3,Needs Attention
CUST102590,406,2,2461,1,3,2,At Risk
CUST102591,376,2,6205,1,3,4,At Risk
CUST102592,632,1,2038,1,2,2,Lost
CUST102593,24,26,60442,5,5,5,Champions
CUST102594,353,1,2195,2,2,2,Lost
CUST102595,1,6,21280,5,5,5,Champions
CUST102596,13,5,7202,5,4,4,Champions
CUST102597,555,1,273,1,2,1,Lost
CUST102599,253,3,5975,2,3,4,At Risk
CUST102600,273,3,3515,2,3,3,At Risk
CUST102601,417,3,1748,1,3,2,At Risk
CUST102603,96,3,6619,4,3,4,Needs Attention
CUST102604,484,1,828,1,2,1,Lost
CUST102605,372,2,4501,2,3,3,At Risk
CUST102606,147,3,5676,3,3,3,Needs Attention
CUST102607,311,3,2098,2,3,2,At Risk
CUST102608,89,5,3198,4,4,2,Champions
CUST102609,219,3,16790,2,3,5,At Risk
CUST102610,648,1,4068,1,2,3,Lost
CUST102611,10,14,16908,5,5,5,Champions
CUST102612,351,5,8731,2,4,4,Loyal
CUST102613,357,2,3160,2,3,2,At Risk
CUST102614,48,21,41059,4,5,5,Champions
CUST102615,50,3,8597,4,3,4,Needs Attention
CUST102616,235,3,4296,2,3,3,At Risk
CUST102617,79,6,21881,4,5,5,Champions
CUST102618,372,1,365,2,2,1,Lost
CUST102619,312,3,2958,2,3,2,At Risk
CUST102621,367,3,2534,2,3,2,At Risk
CUST102622,70,4,8939,4,4,4,Champions
CUST102623,147,2,2217,3,3,2,Needs Attention
CUST102624,147,3,19519,3,3,5,Needs Attention
CUST102625,519,3,6521,1,3,4,At Risk
CUST102626,86,2,4100,4,3,3,Needs Attention
CUST102627,81,3,5708,4,3,3,Needs Attention
CUST102628,181,5,3544,3,4,3,Loyal
CUST102629,20,7,18727,5,5,5,Champions
CUST102630,12,5,24081,5,4,5,Champions
CUST102631,286,1,2153,2,2,2,Lost
CUST102632,332,1,4160,2,2,3,Lost
CUST102633,509,1,1454,1,2,1,Lost
CUST102634,141,1,4200,3,2,3,Needs Attention
CUST102635,450,4,2034,1,4,2,Loyal
CUST102636,101,3,5491,3,3,3,Needs Attention
CUST102637,87,4,8246,4,4,4,Champions
CUST102640,233,5,4490,2,4,3,Loyal
CUST102641,10,8,16423,5,5,5,Champions
CUST102642,707,2,477,1,3,1,At Risk
CUST102645,190,1,1998,3,2,2,Needs Attention
CUST102646,510,1,2717,1,2,2,Lost
CUST102647,150,3,3678,3,3,3,Needs Attention
CUST102649,273,1,2192,2,2,2,Lost
CUST102650,142,4,3030,3,4,2,Loyal
CUST102651,62,4,10539,4,4,4,Champions
CUST102652,720,1,1007,1,2,1,Lost
CUST102653,1,14,22742,5,5,5,Champions
CUST102654,313,3,1705,2,3,2,At Risk
CUST102655,41,2,2673,5,3,2,Needs Attention
CUST102657,207,1,1636,3,2,2,Needs Attention
CUST102658,56,8,11463,4,5,5,Champions
CUST102659,60,10,8811,4,5,4,Champions
CUST102660,426,2,1218,1,3,1,At Risk
CUST102661,274,1,1329,2,2,1,Lost
CUST102662,238,1,250,2,2,1,Lost
CUST102663,81,4,4081,4,4,3,Champions
CUST102664,93,3,4282,4,3,3,Needs Attention
CUST102665,140,6,9732,3,5,4,Loyal
CUST102666,15,6,11106,5,5,4,Champions
CUST102667,26,6,9929,5,5,4,Champions
CUST102668,87,5,11705,4,4,5,Champions
CUST102669,223,6,8415,2,5,4,Loyal
CUST102670,154,2,1986,3,3,2,Needs Attention
CUST102671,6,1,1538,5,2,2,New / Recent
CUST102672,666,1,99,1,2,1,Lost
CUST102673,236,4,13141,2,4,5,Loyal
CUST102674,43,1,2198,5,2,2,New / Recent
CUST102675,18,6,13898,5,5,5,Champions
CUST102677,446,1,279,1,2,1,Lost
CUST102678,163,5,6360,3,4,4,Loyal
CUST102679,53,9,11946,4,5,5,Champions
CUST102680,471,1,307,1,2,1,Lost
CUST102681,324,4,2792,2,4,2,Loyal
CUST102682,642,2,847,1,3,1,At Risk
CUST102683,68,4,12804,4,4,5,Champions
CUST102684,62,6,6971,4,5,4,Champions
CUST102685,239,4,9103,2,4,4,Loyal
CUST102687,12,5,5663,5,4,3,Champions
CUST102688,241,2,1158,2,3,1,At Risk
CUST102690,292,2,3728,2,3,3,At Risk
CUST102691,65,7,6941,4,5,4,Champions
CUST102692,102,4,2458,3,4,2,Loyal
CUST102693,236,1,2230,2,2,2,Lost
CUST102694,90,1,170,4,2,1,New / Recent
CUST102695,208,11,14197,3,5,5,Loyal
CUST102696,12,5,6995,5,4,4,Champions
CUST102697,125,6,16055,3,5,5,Loyal
CUST102698,88,2,6072,4,3,4,Needs Attention
CUST102699,87,2,3782,4,3,3,Needs Attention
CUST102700,420,2,765,1,3,1,At Risk
CUST102701,6,3,2717,5,3,2,Needs Attention
CUST102702,523,1,1070,1,2,1,Lost
CUST102704,714,1,1326,1,2,1,Lost
CUST102705,283,1,212,2,2,1,Lost
CUST102706,75,4,7595,4,4,4,Champions
CUST102707,66,5,4967,4,4,3,Champions
CUST102709,254,3,7072,2,3,4,At Risk
CUST102710,86,8,14606,4,5,5,Champions
CUST102711,421,3,6550,1,3,4,At Risk
CUST102712,62,1,2884,4,2,2,New / Recent
CUST102713,229,3,2663,2,3,2,At Risk
CUST102714,17,1,3671,5,2,3,New / Recent
CUST102715,11,4,2240,5,4,2,Champions
CUST102716,567,1,4867,1,2,3,Lost
CUST102718,63,2,1625,4,3,2,Needs Attention
CUST102719,25,3,6739,5,3,4,Needs Attention
CUST102720,261,1,1728,2,2,2,Lost
CUST102721,68,7,15031,4,5,5,Champions
CUST102722,69,9,21092,4,5,5,Champions
CUST102723,100,2,1967,4,3,2,Needs Attention
CUST102724,59,6,18807,4,5,5,Champions
CUST102725,144,4,6102,3,4,4,Loyal
CUST102726,69,1,2280,4,2,2,New / Recent
CUST102728,55,10,22355,4,5,5,Champions
CUST102729,69,2,2485,4,3,2,Needs Attention
CUST102730,5,6,7271,5,5,4,Champions
CUST102731,45,5,10145,5,4,4,Champions
CUST102733,30,3,1094,5,3,1,Needs Attention
CUST102734,6,17,29215,5,5,5,Champions
CUST102735,229,6,4587,2,5,3,Loyal
CUST102736,61,3,8256,4,3,4,Needs Attention
CUST102738,102,6,9687,3,5,4,Loyal
CUST102739,61,2,5459,4,3,3,Needs Attention
CUST102740,81,13,44012,4,5,5,Champions
CUST102741,415,4,8092,1,4,4,Loyal
CUST102743,598,1,918,1,2,1,Lost
CUST102744,345,1,2483,2,2,2,Lost
CUST102745,219,1,2056,2,2,2,Lost
CUST102746,169,2,2156,3,3,2,Needs Attention
CUST102747,36,4,5971,5,4,4,Champions
CUST102748,29,9,14905,5,5,5,Champions
CUST102750,14,2,3287,5,3,3,Needs Attention
CUST102752,541,1,2460,1,2,2,Lost
CUST102753,504,2,1114,1,3,1,At Risk
CUST102754,71,9,11224,4,5,4,Champions
CUST102756,1,4,5721,5,4,3,Champions
CUST102757,486,2,5878,1,3,3,At Risk
CUST102758,7,5,13608,5,4,5,Champions
CUST102762,8,9,16116,5,5,5,Champions
CUST102763,689,1,2394,1,2,2,Lost
CUST102765,9,14,19184,5,5,5,Champions
CUST102766,351,2,3439,2,3,3,At Risk
CUST102767,141,3,2165,3,3,2,Needs Attention
CUST102768,327,4,4843,2,4,3,Loyal
CUST102769,57,6,8685,4,5,4,Champions
CUST102772,36,3,5066,5,3,3,Needs Attention
CUST102773,13,11,20952,5,5,5,Champions
CUST102774,233,1,292,2,2,1,Lost
CUST102775,35,3,4902,5,3,3,Needs Attention
CUST102776,39,1,1901,5,2,2,New / Recent
CUST102777,12,4,8764,5,4,4,Champions
CUST102778,419,2,671,1,3,1,At Risk
CUST102781,81,5,23497,4,4,5,Champions
CUST102782,109,8,19783,3,5,5,Loyal
CUST102783,238,1,1397,2,2,1,Lost
CUST102784,132,3,8449,3,3,4,Needs Attention
CUST102785,180,2,1862,3,3,2,Needs Attention
CUST102786,159,8,17049,3,5,5,Loyal
CUST102787,74,2,4418,4,3,3,Needs Attention
CUST102788,185,8,13715,3,5,5,Loyal
CUST102789,253,4,10592,2,4,4,Loyal
CUST102790,3,4,6423,5,4,4,Champions
CUST102793,16,7,14495,5,5,5,Champions
CUST102794,85,1,660,4,2,1,New / Recent
CUST102795,25,4,9434,5,4,4,Champions
CUST102797,253,2,2875,2,3,2,At Risk
CUST102798,11,4,4442,5,4,3,Champions
CUST102799,25,10,14149,5,5,5,Champions
CUST102801,335,3,6402,2,4,4,Loyal
CUST102802,719,1,6261,1,2,4,Lost
CUST102803,564,1,414,1,2,1,Lost
CUST102804,5,13,12048,5,5,5,Champions
CUST102805,194,1,1050,3,2,1,Needs Attention
CUST102806,34,6,11596,5,5,5,Champions
CUST102807,412,1,1680,1,2,2,Lost
CUST102808,576,1,1899,1,2,2,Lost
CUST102809,87,9,11162,4,5,4,Champions
CUST102810,9,4,5082,5,4,3,Champions
CUST102811,50,2,1004,4,3,1,Needs Attention
CUST102812,232,4,7581,2,4,4,Loyal
CUST102813,167,7,14053,3,5,5,Loyal
CUST102814,3,7,10782,5,5,4,Champions
CUST102816,106,5,10878,3,4,4,Loyal
CUST102817,59,4,4802,4,4,3,Champions
CUST102818,7,3,6029,5,4,4,Champions
CUST102819,59,3,8109,4,4,4,Champions
CUST102820,368,2,5483,2,3,3,At Risk
CUST102821,205,3,7052,3,4,4,Loyal
CUST102822,505,3,11889,1,4,5,Loyal
CUST102823,158,8,9962,3,5,4,Loyal
CUST102824,137,6,11141,3,5,4,Loyal
CUST102825,87,6,6381,4,5,4,Champions
CUST102826,10,6,17654,5,5,5,Champions
CUST102827,87,8,10151,4,5,4,Champions
CUST102828,52,10,13505,4,5,5,Champions
CUST102829,8,2,1723,5,3,2,Needs Attention
CUST102830,492,2,5123,1,3,3,At Risk
CUST102832,6,13,38088,5,5,5,Champions
CUST102833,237,2,3116,2,3,2,At Risk
CUST102835,4,13,26811,5,5,5,Champions
CUST102836,383,1,1198,1,2,1,Lost
CUST102837,125,5,10810,3,4,4,Loyal
CUST102838,496,1,835,1,2,1,Lost
CUST102839,7,12,21858,5,5,5,Champions
CUST102841,77,1,310,4,2,1,New / Recent
CUST102842,543,1,493,1,2,1,Lost
CUST102843,142,3,2490,3,4,2,Loyal
CUST102844,33,3,3772,5,4,3,Champions
CUST102845,405,1,1390,1,2,1,Lost
CUST102846,283,1,2371,2,2,2,Lost
CUST102847,141,4,9925,3,4,4,Loyal
CUST102848,77,2,4113,4,3,3,Needs Attention
CUST102849,161,2,2069,3,3,2,Needs Attention
CUST102850,219,1,521,2,2,1,Lost
CUST102851,551,2,4080,1,3,3,At Risk
CUST102852,482,4,5882,1,4,3,Loyal
CUST102854,236,5,6894,2,4,4,Loyal
CUST102855,37,6,8914,5,5,4,Champions
CUST102856,318,3,3374,2,4,3,Loyal
CUST102857,209,18,24826,2,5,5,Loyal
CUST102858,2,19,28624,5,5,5,Champions
CUST102861,231,2,5260,2,3,3,At Risk
CUST102862,371,2,3074,2,3,2,At Risk
CUST102864,374,6,6011,2,5,4,Loyal
CUST102868,187,3,12594,3,4,5,Loyal
CUST102869,57,3,4863,4,4,3,Champions
CUST102870,369,3,10709,2,4,4,Loyal
CUST102871,49,2,3312,4,3,3,Needs Attention
CUST102874,10,6,6545,5,5,4,Champions
CUST102876,728,1,2410,1,2,2,Lost
CUST102877,509,1,1499,1,2,1,Lost
CUST102880,42,5,9465,5,4,4,Champions
CUST102881,11,20,30863,5,5,5,Champions
CUST102883,212,6,10734,2,5,4,Loyal
CUST102884,381,1,1926,1,2,2,Lost
CUST102885,172,6,17909,3,5,5,Loyal
CUST102886,347,2,1847,2,3,2,At Risk
CUST102887,222,3,15410,2,4,5,Loyal
CUST102888,184,1,215,3,2,1,Needs Attention
CUST102889,22,1,989,5,2,1,New / Recent
CUST102891,449,1,774,1,2,1,Lost
CUST102892,4,9,24563,5,5,5,Champions
CUST102893,88,3,7278,4,4,4,Champions
CUST102894,2,18,33412,5,5,5,Champions
CUST102895,35,1,574,5,2,1,New / Recent
CUST102896,26,9,7403,5,5,4,Champions
CUST102898,102,2,1882,3,3,2,Needs Attention
CUST102900,2,10,13004,5,5,5,Champions
CUST102905,347,4,3205,2,4,2,Loyal
CUST102906,457,2,3683,1,3,3,At Risk
CUST102907,2,1,624,5,2,1,New / Recent
CUST102909,84,6,12577,4,5,5,Champions
CUST102910,376,1,1610,1,2,2,Lost
CUST102911,319,5,11711,2,4,5,Loyal
CUST102912,23,1,9778,5,2,4,New / Recent
CUST102913,112,2,2192,3,3,2,Needs Attention
CUST102914,112,4,8524,3,4,4,Loyal
CUST102915,155,3,7513,3,4,4,Loyal
CUST102916,473,3,4064,1,4,3,Loyal
CUST102917,39,2,7267,5,3,4,Needs Attention
CUST102918,148,4,4398,3,4,3,Loyal
CUST102919,231,9,20277,2,5,5,Loyal
CUST102920,479,1,2176,1,2,2,Lost
CUST102921,158,4,8811,3,4,4,Loyal
CUST102924,110,6,11224,3,5,4,Loyal
CUST102925,385,2,11225,1,3,4,At Risk
CUST102926,721,1,1090,1,2,1,Lost
CUST102928,463,4,7533,1,4,4,Loyal
CUST102929,5,4,4165,5,4,3,Champions
CUST102930,253,2,3586,2,3,3,At Risk
CUST102931,507,1,406,1,2,1,Lost
CUST102933,140,5,8269,3,4,4,Loyal
CUST102934,523,1,1346,1,2,1,Lost
CUST102935,559,2,8052,1,3,4,At Risk
CUST102936,137,10,22500,3,5,5,Loyal
CUST102937,597,1,152,1,2,1,Lost
CUST102938,221,3,4475,2,4,3,Loyal
CUST102939,32,10,23041,5,5,5,Champions
CUST102940,48,10,12071,4,5,5,Champions
CUST102941,268,4,6234,2,4,4,Loyal
CUST102942,86,1,360,4,2,1,New / Recent
CUST102943,7,4,5966,5,4,3,Champions
CUST102944,143,2,1762,3,3,2,Needs Attention
CUST102945,13,10,32920,5,5,5,Champions
CUST102946,25,3,4795,5,4,3,Champions
CUST102948,148,2,7918,3,3,4,Needs Attention
CUST102949,76,3,3258,4,4,3,Champions
CUST102950,496,4,8189,1,4,4,Loyal
CUST102951,170,6,5108,3,5,3,Loyal
CUST102952,79,6,10063,4,5,4,Champions
CUST102954,91,5,13719,4,4,5,Champions
CUST102955,645,1,5306,1,2,3,Lost
CUST102956,279,1,2839,2,2,2,Lost
CUST102957,715,1,926,1,2,1,Lost
CUST102959,88,4,5453,4,4,3,Champions
CUST102960,286,5,4489,2,4,3,Loyal
CUST102961,272,4,4596,2,4,3,Loyal
CUST102962,92,4,5271,4,4,3,Champions
CUST102963,28,1,837,5,2,1,New / Recent
CUST102964,119,1,270,3,2,1,Needs Attention
CUST102965,143,2,957,3,3,1,Needs Attention
CUST102966,71,2,4635,4,3,3,Needs Attention
CUST102967,67,3,3968,4,4,3,Champions
CUST102968,8,17,26443,5,5,5,Champions
CUST102969,704,1,430,1,2,1,Lost
CUST102970,52,3,1008,4,4,1,Champions
CUST102971,202,4,16709,3,4,5,Loyal
CUST102972,3,4,3585,5,4,3,Champions
CUST102973,24,23,60058,5,5,5,Champions
CUST102976,68,1,437,4,2,1,New / Recent
CUST102977,48,10,6916,4,5,4,Champions
CUST102978,374,2,1421,2,3,1,At Risk
CUST102979,48,3,4390,4,4,3,Champions
CUST102980,61,1,1582,4,2,2,New / Recent
CUST102981,57,7,20518,4,5,5,Champions
CUST102982,136,3,5430,3,4,3,Loyal
CUST102983,9,7,8620,5,5,4,Champions
CUST102984,433,1,2297,1,2,2,Lost
CUST102985,61,4,4765,4,4,3,Champions
CUST102986,10,4,10051,5,4,4,Champions
CUST102990,187,3,3830,3,4,3,Loyal
CUST102991,144,7,14387,3,5,5,Loyal
CUST102992,20,4,5661,5,4,3,Champions
CUST102993,236,4,3211,2,4,3,Loyal
CUST102995,95,9,30236,4,5,5,Champions
CUST102996,1,9,8405,5,5,4,Champions
CUST102997,17,9,18247,5,5,5,Champions
CUST102998,209,5,8159,2,4,4,Loyal
CUST102999,111,5,9186,3,4,4,Loyal
CUST103000,371,4,3674,2,4,3,Loyal
CUST103001,669,2,742,1,3,1,At Risk
CUST103003,390,2,2871,1,3,2,At Risk
CUST103005,328,2,1349,2,3,1,At Risk
CUST103006,329,3,1629,2,4,2,Loyal
CUST103008,98,3,4832,4,4,3,Champions
CUST103010,4,5,5499,5,4,3,Champions
CUST103011,64,10,18567,4,5,5,Champions
CUST103012,549,2,5016,1,3,3,At Risk
CUST103013,572,2,2387,1,3,2,At Risk
CUST103014,461,3,3314,1,4,3,Loyal
CUST103015,292,1,2526,2,2,2,Lost
CUST103016,140,5,7630,3,4,4,Loyal
CUST103017,123,1,9391,3,2,4,Needs Attention
CUST103018,602,2,2929,1,3,2,At Risk
CUST103019,522,1,2752,1,2,2,Lost
CUST103020,50,8,17291,4,5,5,Champions
CUST103021,86,1,540,4,2,1,New / Recent
CUST103022,47,5,3859,4,4,3,Champions
CUST103023,174,1,1767,3,2,2,Needs Attention
CUST103024,604,4,7170,1,4,4,Loyal
CUST103025,8,2,4180,5,3,3,Needs Attention
CUST103026,709,1,176,1,2,1,Lost
CUST103027,133,2,1710,3,3,2,Needs Attention
CUST103028,483,1,353,1,2,1,Lost
CUST103031,3,5,17964,5,4,5,Champions
CUST103032,21,5,7970,5,4,4,Champions
CUST103033,447,1,338,1,2,1,Lost
CUST103034,34,4,5405,5,4,3,Champions
CUST103035,230,1,929,2,2,1,Lost
CUST103036,324,1,2762,2,2,2,Lost
CUST103037,233,6,18930,2,5,5,Loyal
CUST103038,667,2,2152,1,3,2,At Risk
CUST103040,376,2,2346,1,3,2,At Risk
CUST103041,27,9,22653,5,5,5,Champions
CUST103042,260,2,1281,2,3,1,At Risk
CUST103044,59,15,23002,4,5,5,Champions
CUST103045,670,1,370,1,2,1,Lost
CUST103046,125,1,2059,3,2,2,Needs Attention
CUST103048,173,3,3574,3,4,3,Loyal
CUST103049,395,1,2006,1,2,2,Lost
CUST103050,274,1,1054,2,2,1,Lost
CUST103051,134,8,16392,3,5,5,Loyal
CUST103053,278,1,3085,2,2,2,Lost
CUST103054,214,5,5440,2,4,3,Loyal
CUST103055,141,3,2025,3,4,2,Loyal
CUST103056,650,1,4500,1,2,3,Lost
CUST103057,343,3,4460,2,4,3,Loyal
CUST103058,401,1,231,1,2,1,Lost
CUST103059,208,2,1386,3,3,1,Needs Attention
CUST103060,31,4,3791,5,4,3,Champions
CUST103061,79,6,10532,4,5,4,Champions
CUST103062,72,15,30110,4,5,5,Champions
CUST103063,131,1,1153,3,2,1,Needs Attention
CUST103064,284,1,310,2,2,1,Lost
CUST103065,87,2,762,4,3,1,Needs Attention
CUST103066,555,1,390,1,2,1,Lost
CUST103068,97,3,14397,4,4,5,Champions
CUST103069,56,3,8263,4,4,4,Champions
CUST103070,61,6,18674,4,5,5,Champions
CUST103071,450,1,153,1,2,1,Lost
CUST103073,86,3,10558,4,4,4,Champions
CUST103074,131,4,7150,3,4,4,Loyal
CUST103075,59,6,16120,4,5,5,Champions
CUST103076,87,6,7434,4,5,4,Champions
CUST103077,68,1,3020,4,2,2,New / Recent
CUST103078,144,1,2415,3,2,2,Needs Attention
CUST103080,412,1,1228,1,2,1,Lost
CUST103081,141,5,17670,3,4,5,Loyal
CUST103082,525,2,3861,1,3,3,At Risk
CUST103083,89,3,1291,4,4,1,Champions
CUST103084,147,4,4975,3,4,3,Loyal
CUST103086,78,24,82515,4,5,5,Champions
CUST103087,179,1,1116,3,2,1,Needs Attention
CUST103088,90,3,1380,4,4,1,Champions
CUST103089,55,2,6518,4,3,4,Needs Attention
CUST103090,85,5,11366,4,4,5,Champions
CUST103094,55,3,14374,4,4,5,Champions
CUST103095,353,1,1530,2,2,2,Lost
CUST103096,292,1,1214,2,2,1,Lost
CUST103097,242,5,12120,2,4,5,Loyal
CUST103099,255,1,1071,2,2,1,Lost
CUST103100,192,1,996,3,2,1,Needs Attention
CUST103102,238,2,419,2,3,1,At Risk
CUST103103,375,2,2028,1,3,2,At Risk
CUST103104,286,1,868,2,2,1,Lost
CUST103105,19,3,2112,5,4,2,Champions
CUST103106,234,1,261,2,2,1,Lost
CUST103109,111,4,9511,3,4,4,Loyal
CUST103110,32,4,3824,5,4,3,Champions
CUST103111,400,1,2375,1,2,2,Lost
CUST103112,46,4,7041,4,4,4,Champions
CUST103113,220,1,552,2,2,1,Lost
CUST103114,549,1,1624,1,2,2,Lost
CUST103116,84,10,16820,4,5,5,Champions
CUST103117,115,6,18337,3,5,5,Loyal
CUST103118,36,2,2187,5,3,2,Needs Attention
CUST103119,348,4,9358,2,4,4,Loyal
CUST103120,58,4,9893,4,4,4,Champions
CUST103121,489,8,19040,1,5,5,Loyal
CUST103122,14,7,10840,5,5,4,Champions
CUST103124,119,3,2809,3,4,2,Loyal
CUST103125,243,4,1920,2,4,2,Loyal
CUST103126,251,1,756,2,2,1,Lost
CUST103127,366,1,3459,2,2,3,Lost
CUST103128,661,1,855,1,2,1,Lost
CUST103129,34,1,12862,5,2,5,New / Recent
CUST103130,45,15,18350,5,5,5,Champions
CUST103131,149,4,5484,3,4,3,Loyal
CUST103132,231,1,716,2,2,1,Lost
CUST103133,237,2,4956,2,3,3,At Risk
CUST103134,584,1,2098,1,2,2,Lost
CUST103135,76,1,2138,4,2,2,New / Recent
CUST103140,59,9,38513,4,5,5,Champions
CUST103141,307,1,4548,2,2,3,Lost
CUST103142,88,1,1430,4,2,1,New / Recent
CUST103143,22,5,15576,5,4,5,Champions
CUST103144,349,4,11166,2,4,4,Loyal
CUST103145,82,2,1244,4,3,1,Needs Attention
CUST103146,235,1,3528,2,2,3,Lost
CUST103147,231,1,1290,2,2,1,Lost
CUST103148,148,3,3072,3,4,2,Loyal
CUST103149,48,10,37623,4,5,5,Champions
CUST103150,85,12,46029,4,5,5,Champions
CUST103151,43,1,2753,5,2,2,New / Recent
CUST103152,75,2,5585,4,3,3,Needs Attention
CUST103153,120,3,4788,3,4,3,Loyal
CUST103154,106,3,3970,3,4,3,Loyal
CUST103157,444,3,2348,1,4,2,Loyal
CUST103158,198,4,5913,3,4,3,Loyal
CUST103161,11,3,1270,5,4,1,Champions
CUST103162,698,2,4215,1,3,3,At Risk
CUST103163,8,5,4875,5,4,3,Champions
CUST103164,393,1,3337,1,2,3,Lost
CUST103165,563,1,1282,1,2,1,Lost
CUST103166,207,7,17339,3,5,5,Loyal
CUST103167,330,2,2184,2,3,2,At Risk
CUST103168,502,1,1208,1,2,1,Lost
CUST103169,295,1,378,2,2,1,Lost
CUST103170,151,11,18431,3,5,5,Loyal
CUST103171,88,5,13653,4,4,5,Champions
CUST103172,269,9,9809,2,5,4,Loyal
CUST103173,704,1,400,1,2,1,Lost
CUST103174,233,5,9044,2,4,4,Loyal
CUST103175,113,1,1498,3,2,1,Needs Attention
CUST103177,384,2,4946,1,3,3,At Risk
CUST103179,672,1,362,1,2,1,Lost
CUST103180,147,2,5430,3,3,3,Needs Attention
CUST103181,508,3,4496,1,4,3,Loyal
CUST103182,45,4,12765,5,4,5,Champions
CUST103183,508,2,1843,1,3,2,At Risk
CUST103184,70,5,9333,4,4,4,Champions
CUST103185,28,1,5213,5,2,3,New / Recent
CUST103186,301,1,730,2,2,1,Lost
CUST103187,107,5,9250,3,4,4,Loyal
CUST103188,60,9,13430,4,5,5,Champions
CUST103190,19,2,1531,5,3,2,Needs Attention
CUST103191,8,2,508,5,3,1,Needs Attention
CUST103192,145,1,1373,3,2,1,Needs Attention
CUST103193,59,4,6466,4,4,4,Champions
CUST103194,535,1,539,1,2,1,Lost
CUST103195,375,3,4953,1,4,3,Loyal
CUST103196,406,1,1851,1,2,2,Lost
CUST103197,57,5,6094,4,4,4,Champions
CUST103199,65,3,13312,4,4,5,Champions
